ISO-10303-21;
HEADER;
/* Generated by software containing ST-Developer
 * from STEP Tools, Inc. (www.steptools.com) 
 */
/* OPTION: using custom schema-name function */

FILE_DESCRIPTION(
/* description */ (''),
/* implementation_level */ '2;1');

FILE_NAME(
/* name */ 'SDOF-PWR-A01.stp',
/* time_stamp */ '2024-01-23T15:22:33-08:00',
/* author */ (''),
/* organization */ (''),
/* preprocessor_version */ 'ST-DEVELOPER v18.101',
/* originating_system */ 'SIEMENS PLM Software NX 2015',
/* authorisation */ '');

FILE_SCHEMA (('AP203_CONFIGURATION_CONTROLLED_3D_DESIGN_OF_MECHANICAL_PARTS_AND_ASSEMBLIES_MIM_LF { 1 0 10303 403 2 1 2}'));
ENDSEC;

DATA;
#10=CONTEXT_DEPENDENT_SHAPE_REPRESENTATION(#24,#569);
#11=CONTEXT_DEPENDENT_SHAPE_REPRESENTATION(#25,#570);
#12=CONTEXT_DEPENDENT_SHAPE_REPRESENTATION(#26,#571);
#13=CONTEXT_DEPENDENT_SHAPE_REPRESENTATION(#27,#572);
#14=CONTEXT_DEPENDENT_SHAPE_REPRESENTATION(#28,#573);
#15=CONTEXT_DEPENDENT_SHAPE_REPRESENTATION(#29,#574);
#16=CONTEXT_DEPENDENT_SHAPE_REPRESENTATION(#30,#575);
#17=NEXT_ASSEMBLY_USAGE_OCCURRENCE('1001',' ','AMAZON-B08LDC41B6',#582,
#581,$);
#18=NEXT_ASSEMBLY_USAGE_OCCURRENCE('1002',' ','SDOF-PWR-C01',#582,#580,
$);
#19=NEXT_ASSEMBLY_USAGE_OCCURRENCE('1003',' ','SDOF-PWR-C02',#582,#579,
$);
#20=NEXT_ASSEMBLY_USAGE_OCCURRENCE('1004',' ','SDOF-PWR-C02',#582,#579,
$);
#21=NEXT_ASSEMBLY_USAGE_OCCURRENCE('1005',' ','SDOF-PWR-C03',#582,#578,
$);
#22=NEXT_ASSEMBLY_USAGE_OCCURRENCE('1006',' ','AMAZON-B078KBC5VH',#582,
#577,$);
#23=NEXT_ASSEMBLY_USAGE_OCCURRENCE('1007',' ','AMAZON-B07Y2V1F8V',#582,
#576,$);
#24=(
REPRESENTATION_RELATIONSHIP(' ',' ',#633,#634)
REPRESENTATION_RELATIONSHIP_WITH_TRANSFORMATION(#31)
SHAPE_REPRESENTATION_RELATIONSHIP()
);
#25=(
REPRESENTATION_RELATIONSHIP(' ',' ',#632,#634)
REPRESENTATION_RELATIONSHIP_WITH_TRANSFORMATION(#32)
SHAPE_REPRESENTATION_RELATIONSHIP()
);
#26=(
REPRESENTATION_RELATIONSHIP(' ',' ',#631,#634)
REPRESENTATION_RELATIONSHIP_WITH_TRANSFORMATION(#33)
SHAPE_REPRESENTATION_RELATIONSHIP()
);
#27=(
REPRESENTATION_RELATIONSHIP(' ',' ',#631,#634)
REPRESENTATION_RELATIONSHIP_WITH_TRANSFORMATION(#34)
SHAPE_REPRESENTATION_RELATIONSHIP()
);
#28=(
REPRESENTATION_RELATIONSHIP(' ',' ',#630,#634)
REPRESENTATION_RELATIONSHIP_WITH_TRANSFORMATION(#35)
SHAPE_REPRESENTATION_RELATIONSHIP()
);
#29=(
REPRESENTATION_RELATIONSHIP(' ',' ',#629,#634)
REPRESENTATION_RELATIONSHIP_WITH_TRANSFORMATION(#36)
SHAPE_REPRESENTATION_RELATIONSHIP()
);
#30=(
REPRESENTATION_RELATIONSHIP(' ',' ',#628,#634)
REPRESENTATION_RELATIONSHIP_WITH_TRANSFORMATION(#37)
SHAPE_REPRESENTATION_RELATIONSHIP()
);
#31=ITEM_DEFINED_TRANSFORMATION(' ',' ',#3570,#3831);
#32=ITEM_DEFINED_TRANSFORMATION(' ',' ',#3570,#3832);
#33=ITEM_DEFINED_TRANSFORMATION(' ',' ',#3570,#3833);
#34=ITEM_DEFINED_TRANSFORMATION(' ',' ',#3570,#3834);
#35=ITEM_DEFINED_TRANSFORMATION(' ',' ',#3570,#3835);
#36=ITEM_DEFINED_TRANSFORMATION(' ',' ',#3570,#3836);
#37=ITEM_DEFINED_TRANSFORMATION(' ',' ',#3570,#3837);
#38=SHAPE_REPRESENTATION_RELATIONSHIP('None',
'relationship between AMAZON-B07Y2V1F8V-None and AMAZON-B07Y2V1F8V-Non
e',#628,#44);
#39=SHAPE_REPRESENTATION_RELATIONSHIP('None',
'relationship between AMAZON-B078KBC5VH-None and AMAZON-B078KBC5VH-Non
e',#629,#45);
#40=SHAPE_REPRESENTATION_RELATIONSHIP('None',
'relationship between SDOF-PWR-C03-None and SDOF-PWR-C03-None',#630,#46);
#41=SHAPE_REPRESENTATION_RELATIONSHIP('None',
'relationship between SDOF-PWR-C02-None and SDOF-PWR-C02-None',#631,#47);
#42=SHAPE_REPRESENTATION_RELATIONSHIP('None',
'relationship between SDOF-PWR-C01-None and SDOF-PWR-C01-None',#632,#48);
#43=SHAPE_REPRESENTATION_RELATIONSHIP('None',
'relationship between AMAZON-B08LDC41B6-None and AMAZON-B08LDC41B6-Non
e',#633,#49);
#44=ADVANCED_BREP_SHAPE_REPRESENTATION('AMAZON-B07Y2V1F8V-None',(#693),
#5488);
#45=ADVANCED_BREP_SHAPE_REPRESENTATION('AMAZON-B078KBC5VH-None',(#692),
#5487);
#46=ADVANCED_BREP_SHAPE_REPRESENTATION('SDOF-PWR-C03-None',(#691),#5486);
#47=ADVANCED_BREP_SHAPE_REPRESENTATION('SDOF-PWR-C02-None',(#690),#5485);
#48=ADVANCED_BREP_SHAPE_REPRESENTATION('SDOF-PWR-C01-None',(#689),#5484);
#49=ADVANCED_BREP_SHAPE_REPRESENTATION('AMAZON-B08LDC41B6-None',(#688),
#5483);
#50=APPLIED_APPROVAL_ASSIGNMENT(#162,(#576));
#51=APPLIED_APPROVAL_ASSIGNMENT(#163,(#590));
#52=APPLIED_APPROVAL_ASSIGNMENT(#164,(#289));
#53=APPLIED_APPROVAL_ASSIGNMENT(#165,(#577));
#54=APPLIED_APPROVAL_ASSIGNMENT(#166,(#591));
#55=APPLIED_APPROVAL_ASSIGNMENT(#167,(#290));
#56=APPLIED_APPROVAL_ASSIGNMENT(#168,(#578));
#57=APPLIED_APPROVAL_ASSIGNMENT(#169,(#592));
#58=APPLIED_APPROVAL_ASSIGNMENT(#170,(#291));
#59=APPLIED_APPROVAL_ASSIGNMENT(#171,(#579));
#60=APPLIED_APPROVAL_ASSIGNMENT(#172,(#593));
#61=APPLIED_APPROVAL_ASSIGNMENT(#173,(#292));
#62=APPLIED_APPROVAL_ASSIGNMENT(#174,(#580));
#63=APPLIED_APPROVAL_ASSIGNMENT(#175,(#594));
#64=APPLIED_APPROVAL_ASSIGNMENT(#176,(#293));
#65=APPLIED_APPROVAL_ASSIGNMENT(#177,(#581));
#66=APPLIED_APPROVAL_ASSIGNMENT(#178,(#595));
#67=APPLIED_APPROVAL_ASSIGNMENT(#179,(#294));
#68=APPLIED_APPROVAL_ASSIGNMENT(#180,(#582));
#69=APPLIED_APPROVAL_ASSIGNMENT(#181,(#596));
#70=APPLIED_APPROVAL_ASSIGNMENT(#182,(#295));
#71=APPLIED_APPROVAL_ASSIGNMENT(#183,(#296));
#72=APPLIED_APPROVAL_ASSIGNMENT(#184,(#297));
#73=APPLIED_APPROVAL_ASSIGNMENT(#185,(#298));
#74=APPLIED_APPROVAL_ASSIGNMENT(#186,(#299));
#75=APPLIED_APPROVAL_ASSIGNMENT(#187,(#300));
#76=APPLIED_APPROVAL_ASSIGNMENT(#188,(#301));
#77=APPLIED_APPROVAL_ASSIGNMENT(#189,(#302));
#78=APPROVAL_PERSON_ORGANIZATION(#218,#162,#106);
#79=APPROVAL_PERSON_ORGANIZATION(#219,#163,#107);
#80=APPROVAL_PERSON_ORGANIZATION(#220,#164,#108);
#81=APPROVAL_PERSON_ORGANIZATION(#221,#165,#109);
#82=APPROVAL_PERSON_ORGANIZATION(#222,#166,#110);
#83=APPROVAL_PERSON_ORGANIZATION(#223,#167,#111);
#84=APPROVAL_PERSON_ORGANIZATION(#224,#168,#112);
#85=APPROVAL_PERSON_ORGANIZATION(#225,#169,#113);
#86=APPROVAL_PERSON_ORGANIZATION(#226,#170,#114);
#87=APPROVAL_PERSON_ORGANIZATION(#227,#171,#115);
#88=APPROVAL_PERSON_ORGANIZATION(#228,#172,#116);
#89=APPROVAL_PERSON_ORGANIZATION(#229,#173,#117);
#90=APPROVAL_PERSON_ORGANIZATION(#230,#174,#118);
#91=APPROVAL_PERSON_ORGANIZATION(#231,#175,#119);
#92=APPROVAL_PERSON_ORGANIZATION(#232,#176,#120);
#93=APPROVAL_PERSON_ORGANIZATION(#233,#177,#121);
#94=APPROVAL_PERSON_ORGANIZATION(#234,#178,#122);
#95=APPROVAL_PERSON_ORGANIZATION(#235,#179,#123);
#96=APPROVAL_PERSON_ORGANIZATION(#236,#180,#124);
#97=APPROVAL_PERSON_ORGANIZATION(#237,#181,#125);
#98=APPROVAL_PERSON_ORGANIZATION(#238,#182,#126);
#99=APPROVAL_PERSON_ORGANIZATION(#239,#183,#127);
#100=APPROVAL_PERSON_ORGANIZATION(#240,#184,#128);
#101=APPROVAL_PERSON_ORGANIZATION(#241,#185,#129);
#102=APPROVAL_PERSON_ORGANIZATION(#242,#186,#130);
#103=APPROVAL_PERSON_ORGANIZATION(#243,#187,#131);
#104=APPROVAL_PERSON_ORGANIZATION(#244,#188,#132);
#105=APPROVAL_PERSON_ORGANIZATION(#245,#189,#133);
#106=APPROVAL_ROLE('approver');
#107=APPROVAL_ROLE('approver');
#108=APPROVAL_ROLE('approver');
#109=APPROVAL_ROLE('approver');
#110=APPROVAL_ROLE('approver');
#111=APPROVAL_ROLE('approver');
#112=APPROVAL_ROLE('approver');
#113=APPROVAL_ROLE('approver');
#114=APPROVAL_ROLE('approver');
#115=APPROVAL_ROLE('approver');
#116=APPROVAL_ROLE('approver');
#117=APPROVAL_ROLE('approver');
#118=APPROVAL_ROLE('approver');
#119=APPROVAL_ROLE('approver');
#120=APPROVAL_ROLE('approver');
#121=APPROVAL_ROLE('approver');
#122=APPROVAL_ROLE('approver');
#123=APPROVAL_ROLE('approver');
#124=APPROVAL_ROLE('approver');
#125=APPROVAL_ROLE('approver');
#126=APPROVAL_ROLE('approver');
#127=APPROVAL_ROLE('approver');
#128=APPROVAL_ROLE('approver');
#129=APPROVAL_ROLE('approver');
#130=APPROVAL_ROLE('approver');
#131=APPROVAL_ROLE('approver');
#132=APPROVAL_ROLE('approver');
#133=APPROVAL_ROLE('approver');
#134=APPROVAL_DATE_TIME(#361,#162);
#135=APPROVAL_DATE_TIME(#362,#163);
#136=APPROVAL_DATE_TIME(#363,#164);
#137=APPROVAL_DATE_TIME(#366,#165);
#138=APPROVAL_DATE_TIME(#367,#166);
#139=APPROVAL_DATE_TIME(#368,#167);
#140=APPROVAL_DATE_TIME(#371,#168);
#141=APPROVAL_DATE_TIME(#372,#169);
#142=APPROVAL_DATE_TIME(#373,#170);
#143=APPROVAL_DATE_TIME(#376,#171);
#144=APPROVAL_DATE_TIME(#377,#172);
#145=APPROVAL_DATE_TIME(#378,#173);
#146=APPROVAL_DATE_TIME(#381,#174);
#147=APPROVAL_DATE_TIME(#382,#175);
#148=APPROVAL_DATE_TIME(#383,#176);
#149=APPROVAL_DATE_TIME(#386,#177);
#150=APPROVAL_DATE_TIME(#387,#178);
#151=APPROVAL_DATE_TIME(#388,#179);
#152=APPROVAL_DATE_TIME(#391,#180);
#153=APPROVAL_DATE_TIME(#392,#181);
#154=APPROVAL_DATE_TIME(#393,#182);
#155=APPROVAL_DATE_TIME(#395,#183);
#156=APPROVAL_DATE_TIME(#397,#184);
#157=APPROVAL_DATE_TIME(#399,#185);
#158=APPROVAL_DATE_TIME(#401,#186);
#159=APPROVAL_DATE_TIME(#403,#187);
#160=APPROVAL_DATE_TIME(#405,#188);
#161=APPROVAL_DATE_TIME(#407,#189);
#162=APPROVAL(#190,' ');
#163=APPROVAL(#191,' ');
#164=APPROVAL(#192,' ');
#165=APPROVAL(#193,' ');
#166=APPROVAL(#194,' ');
#167=APPROVAL(#195,' ');
#168=APPROVAL(#196,' ');
#169=APPROVAL(#197,' ');
#170=APPROVAL(#198,' ');
#171=APPROVAL(#199,' ');
#172=APPROVAL(#200,' ');
#173=APPROVAL(#201,' ');
#174=APPROVAL(#202,' ');
#175=APPROVAL(#203,' ');
#176=APPROVAL(#204,' ');
#177=APPROVAL(#205,' ');
#178=APPROVAL(#206,' ');
#179=APPROVAL(#207,' ');
#180=APPROVAL(#208,' ');
#181=APPROVAL(#209,' ');
#182=APPROVAL(#210,' ');
#183=APPROVAL(#211,' ');
#184=APPROVAL(#212,' ');
#185=APPROVAL(#213,' ');
#186=APPROVAL(#214,' ');
#187=APPROVAL(#215,' ');
#188=APPROVAL(#216,' ');
#189=APPROVAL(#217,' ');
#190=APPROVAL_STATUS('not_yet_approved');
#191=APPROVAL_STATUS('not_yet_approved');
#192=APPROVAL_STATUS('not_yet_approved');
#193=APPROVAL_STATUS('not_yet_approved');
#194=APPROVAL_STATUS('not_yet_approved');
#195=APPROVAL_STATUS('not_yet_approved');
#196=APPROVAL_STATUS('not_yet_approved');
#197=APPROVAL_STATUS('not_yet_approved');
#198=APPROVAL_STATUS('not_yet_approved');
#199=APPROVAL_STATUS('not_yet_approved');
#200=APPROVAL_STATUS('not_yet_approved');
#201=APPROVAL_STATUS('not_yet_approved');
#202=APPROVAL_STATUS('not_yet_approved');
#203=APPROVAL_STATUS('not_yet_approved');
#204=APPROVAL_STATUS('not_yet_approved');
#205=APPROVAL_STATUS('not_yet_approved');
#206=APPROVAL_STATUS('not_yet_approved');
#207=APPROVAL_STATUS('not_yet_approved');
#208=APPROVAL_STATUS('not_yet_approved');
#209=APPROVAL_STATUS('not_yet_approved');
#210=APPROVAL_STATUS('not_yet_approved');
#211=APPROVAL_STATUS('not_yet_approved');
#212=APPROVAL_STATUS('not_yet_approved');
#213=APPROVAL_STATUS('not_yet_approved');
#214=APPROVAL_STATUS('not_yet_approved');
#215=APPROVAL_STATUS('not_yet_approved');
#216=APPROVAL_STATUS('not_yet_approved');
#217=APPROVAL_STATUS('not_yet_approved');
#218=PERSON_AND_ORGANIZATION(#274,#246);
#219=PERSON_AND_ORGANIZATION(#274,#247);
#220=PERSON_AND_ORGANIZATION(#274,#248);
#221=PERSON_AND_ORGANIZATION(#274,#249);
#222=PERSON_AND_ORGANIZATION(#274,#250);
#223=PERSON_AND_ORGANIZATION(#274,#251);
#224=PERSON_AND_ORGANIZATION(#274,#252);
#225=PERSON_AND_ORGANIZATION(#274,#253);
#226=PERSON_AND_ORGANIZATION(#274,#254);
#227=PERSON_AND_ORGANIZATION(#274,#255);
#228=PERSON_AND_ORGANIZATION(#274,#256);
#229=PERSON_AND_ORGANIZATION(#274,#257);
#230=PERSON_AND_ORGANIZATION(#274,#258);
#231=PERSON_AND_ORGANIZATION(#274,#259);
#232=PERSON_AND_ORGANIZATION(#274,#260);
#233=PERSON_AND_ORGANIZATION(#274,#261);
#234=PERSON_AND_ORGANIZATION(#274,#262);
#235=PERSON_AND_ORGANIZATION(#274,#263);
#236=PERSON_AND_ORGANIZATION(#274,#264);
#237=PERSON_AND_ORGANIZATION(#274,#265);
#238=PERSON_AND_ORGANIZATION(#274,#266);
#239=PERSON_AND_ORGANIZATION(#274,#267);
#240=PERSON_AND_ORGANIZATION(#274,#268);
#241=PERSON_AND_ORGANIZATION(#274,#269);
#242=PERSON_AND_ORGANIZATION(#274,#270);
#243=PERSON_AND_ORGANIZATION(#274,#271);
#244=PERSON_AND_ORGANIZATION(#274,#272);
#245=PERSON_AND_ORGANIZATION(#274,#273);
#246=ORGANIZATION(' ',' ',' ');
#247=ORGANIZATION(' ',' ',' ');
#248=ORGANIZATION(' ',' ',' ');
#249=ORGANIZATION(' ',' ',' ');
#250=ORGANIZATION(' ',' ',' ');
#251=ORGANIZATION(' ',' ',' ');
#252=ORGANIZATION(' ',' ',' ');
#253=ORGANIZATION(' ',' ',' ');
#254=ORGANIZATION(' ',' ',' ');
#255=ORGANIZATION(' ',' ',' ');
#256=ORGANIZATION(' ',' ',' ');
#257=ORGANIZATION(' ',' ',' ');
#258=ORGANIZATION(' ',' ',' ');
#259=ORGANIZATION(' ',' ',' ');
#260=ORGANIZATION(' ',' ',' ');
#261=ORGANIZATION(' ',' ',' ');
#262=ORGANIZATION(' ',' ',' ');
#263=ORGANIZATION(' ',' ',' ');
#264=ORGANIZATION(' ',' ',' ');
#265=ORGANIZATION(' ',' ',' ');
#266=ORGANIZATION(' ',' ',' ');
#267=ORGANIZATION(' ',' ',' ');
#268=ORGANIZATION(' ',' ',' ');
#269=ORGANIZATION(' ',' ',' ');
#270=ORGANIZATION(' ',' ',' ');
#271=ORGANIZATION(' ',' ',' ');
#272=ORGANIZATION(' ',' ',' ');
#273=ORGANIZATION(' ',' ',' ');
#274=PERSON(' ',' ',' ',(' '),$,$);
#275=APPLIED_SECURITY_CLASSIFICATION_ASSIGNMENT(#289,(#590));
#276=APPLIED_SECURITY_CLASSIFICATION_ASSIGNMENT(#290,(#591));
#277=APPLIED_SECURITY_CLASSIFICATION_ASSIGNMENT(#291,(#592));
#278=APPLIED_SECURITY_CLASSIFICATION_ASSIGNMENT(#292,(#593));
#279=APPLIED_SECURITY_CLASSIFICATION_ASSIGNMENT(#293,(#594));
#280=APPLIED_SECURITY_CLASSIFICATION_ASSIGNMENT(#294,(#595));
#281=APPLIED_SECURITY_CLASSIFICATION_ASSIGNMENT(#295,(#596));
#282=APPLIED_SECURITY_CLASSIFICATION_ASSIGNMENT(#296,(#17));
#283=APPLIED_SECURITY_CLASSIFICATION_ASSIGNMENT(#297,(#18));
#284=APPLIED_SECURITY_CLASSIFICATION_ASSIGNMENT(#298,(#19));
#285=APPLIED_SECURITY_CLASSIFICATION_ASSIGNMENT(#299,(#20));
#286=APPLIED_SECURITY_CLASSIFICATION_ASSIGNMENT(#300,(#21));
#287=APPLIED_SECURITY_CLASSIFICATION_ASSIGNMENT(#301,(#22));
#288=APPLIED_SECURITY_CLASSIFICATION_ASSIGNMENT(#302,(#23));
#289=SECURITY_CLASSIFICATION(' ',' ',#303);
#290=SECURITY_CLASSIFICATION(' ',' ',#304);
#291=SECURITY_CLASSIFICATION(' ',' ',#305);
#292=SECURITY_CLASSIFICATION(' ',' ',#306);
#293=SECURITY_CLASSIFICATION(' ',' ',#307);
#294=SECURITY_CLASSIFICATION(' ',' ',#308);
#295=SECURITY_CLASSIFICATION(' ',' ',#309);
#296=SECURITY_CLASSIFICATION(' ',' ',#310);
#297=SECURITY_CLASSIFICATION(' ',' ',#311);
#298=SECURITY_CLASSIFICATION(' ',' ',#312);
#299=SECURITY_CLASSIFICATION(' ',' ',#313);
#300=SECURITY_CLASSIFICATION(' ',' ',#314);
#301=SECURITY_CLASSIFICATION(' ',' ',#315);
#302=SECURITY_CLASSIFICATION(' ',' ',#316);
#303=SECURITY_CLASSIFICATION_LEVEL('confidential');
#304=SECURITY_CLASSIFICATION_LEVEL('confidential');
#305=SECURITY_CLASSIFICATION_LEVEL('confidential');
#306=SECURITY_CLASSIFICATION_LEVEL('confidential');
#307=SECURITY_CLASSIFICATION_LEVEL('confidential');
#308=SECURITY_CLASSIFICATION_LEVEL('confidential');
#309=SECURITY_CLASSIFICATION_LEVEL('confidential');
#310=SECURITY_CLASSIFICATION_LEVEL('confidential');
#311=SECURITY_CLASSIFICATION_LEVEL('confidential');
#312=SECURITY_CLASSIFICATION_LEVEL('confidential');
#313=SECURITY_CLASSIFICATION_LEVEL('confidential');
#314=SECURITY_CLASSIFICATION_LEVEL('confidential');
#315=SECURITY_CLASSIFICATION_LEVEL('confidential');
#316=SECURITY_CLASSIFICATION_LEVEL('confidential');
#317=APPLIED_DATE_AND_TIME_ASSIGNMENT(#359,#338,(#576));
#318=APPLIED_DATE_AND_TIME_ASSIGNMENT(#360,#339,(#289));
#319=APPLIED_DATE_AND_TIME_ASSIGNMENT(#364,#340,(#577));
#320=APPLIED_DATE_AND_TIME_ASSIGNMENT(#365,#341,(#290));
#321=APPLIED_DATE_AND_TIME_ASSIGNMENT(#369,#342,(#578));
#322=APPLIED_DATE_AND_TIME_ASSIGNMENT(#370,#343,(#291));
#323=APPLIED_DATE_AND_TIME_ASSIGNMENT(#374,#344,(#579));
#324=APPLIED_DATE_AND_TIME_ASSIGNMENT(#375,#345,(#292));
#325=APPLIED_DATE_AND_TIME_ASSIGNMENT(#379,#346,(#580));
#326=APPLIED_DATE_AND_TIME_ASSIGNMENT(#380,#347,(#293));
#327=APPLIED_DATE_AND_TIME_ASSIGNMENT(#384,#348,(#581));
#328=APPLIED_DATE_AND_TIME_ASSIGNMENT(#385,#349,(#294));
#329=APPLIED_DATE_AND_TIME_ASSIGNMENT(#389,#350,(#582));
#330=APPLIED_DATE_AND_TIME_ASSIGNMENT(#390,#351,(#295));
#331=APPLIED_DATE_AND_TIME_ASSIGNMENT(#394,#352,(#296));
#332=APPLIED_DATE_AND_TIME_ASSIGNMENT(#396,#353,(#297));
#333=APPLIED_DATE_AND_TIME_ASSIGNMENT(#398,#354,(#298));
#334=APPLIED_DATE_AND_TIME_ASSIGNMENT(#400,#355,(#299));
#335=APPLIED_DATE_AND_TIME_ASSIGNMENT(#402,#356,(#300));
#336=APPLIED_DATE_AND_TIME_ASSIGNMENT(#404,#357,(#301));
#337=APPLIED_DATE_AND_TIME_ASSIGNMENT(#406,#358,(#302));
#338=DATE_TIME_ROLE('creation_date');
#339=DATE_TIME_ROLE('classification_date');
#340=DATE_TIME_ROLE('creation_date');
#341=DATE_TIME_ROLE('classification_date');
#342=DATE_TIME_ROLE('creation_date');
#343=DATE_TIME_ROLE('classification_date');
#344=DATE_TIME_ROLE('creation_date');
#345=DATE_TIME_ROLE('classification_date');
#346=DATE_TIME_ROLE('creation_date');
#347=DATE_TIME_ROLE('classification_date');
#348=DATE_TIME_ROLE('creation_date');
#349=DATE_TIME_ROLE('classification_date');
#350=DATE_TIME_ROLE('creation_date');
#351=DATE_TIME_ROLE('classification_date');
#352=DATE_TIME_ROLE('classification_date');
#353=DATE_TIME_ROLE('classification_date');
#354=DATE_TIME_ROLE('classification_date');
#355=DATE_TIME_ROLE('classification_date');
#356=DATE_TIME_ROLE('classification_date');
#357=DATE_TIME_ROLE('classification_date');
#358=DATE_TIME_ROLE('classification_date');
#359=DATE_AND_TIME(#506,#408);
#360=DATE_AND_TIME(#507,#409);
#361=DATE_AND_TIME(#508,#410);
#362=DATE_AND_TIME(#509,#411);
#363=DATE_AND_TIME(#510,#412);
#364=DATE_AND_TIME(#511,#413);
#365=DATE_AND_TIME(#512,#414);
#366=DATE_AND_TIME(#513,#415);
#367=DATE_AND_TIME(#514,#416);
#368=DATE_AND_TIME(#515,#417);
#369=DATE_AND_TIME(#516,#418);
#370=DATE_AND_TIME(#517,#419);
#371=DATE_AND_TIME(#518,#420);
#372=DATE_AND_TIME(#519,#421);
#373=DATE_AND_TIME(#520,#422);
#374=DATE_AND_TIME(#521,#423);
#375=DATE_AND_TIME(#522,#424);
#376=DATE_AND_TIME(#523,#425);
#377=DATE_AND_TIME(#524,#426);
#378=DATE_AND_TIME(#525,#427);
#379=DATE_AND_TIME(#526,#428);
#380=DATE_AND_TIME(#527,#429);
#381=DATE_AND_TIME(#528,#430);
#382=DATE_AND_TIME(#529,#431);
#383=DATE_AND_TIME(#530,#432);
#384=DATE_AND_TIME(#531,#433);
#385=DATE_AND_TIME(#532,#434);
#386=DATE_AND_TIME(#533,#435);
#387=DATE_AND_TIME(#534,#436);
#388=DATE_AND_TIME(#535,#437);
#389=DATE_AND_TIME(#536,#438);
#390=DATE_AND_TIME(#537,#439);
#391=DATE_AND_TIME(#538,#440);
#392=DATE_AND_TIME(#539,#441);
#393=DATE_AND_TIME(#540,#442);
#394=DATE_AND_TIME(#541,#443);
#395=DATE_AND_TIME(#542,#444);
#396=DATE_AND_TIME(#543,#445);
#397=DATE_AND_TIME(#544,#446);
#398=DATE_AND_TIME(#545,#447);
#399=DATE_AND_TIME(#546,#448);
#400=DATE_AND_TIME(#547,#449);
#401=DATE_AND_TIME(#548,#450);
#402=DATE_AND_TIME(#549,#451);
#403=DATE_AND_TIME(#550,#452);
#404=DATE_AND_TIME(#551,#453);
#405=DATE_AND_TIME(#552,#454);
#406=DATE_AND_TIME(#553,#455);
#407=DATE_AND_TIME(#554,#456);
#408=LOCAL_TIME(0,0,0.,#457);
#409=LOCAL_TIME(0,0,0.,#458);
#410=LOCAL_TIME(0,0,0.,#459);
#411=LOCAL_TIME(0,0,0.,#460);
#412=LOCAL_TIME(0,0,0.,#461);
#413=LOCAL_TIME(0,0,0.,#462);
#414=LOCAL_TIME(0,0,0.,#463);
#415=LOCAL_TIME(0,0,0.,#464);
#416=LOCAL_TIME(0,0,0.,#465);
#417=LOCAL_TIME(0,0,0.,#466);
#418=LOCAL_TIME(0,0,0.,#467);
#419=LOCAL_TIME(0,0,0.,#468);
#420=LOCAL_TIME(0,0,0.,#469);
#421=LOCAL_TIME(0,0,0.,#470);
#422=LOCAL_TIME(0,0,0.,#471);
#423=LOCAL_TIME(0,0,0.,#472);
#424=LOCAL_TIME(0,0,0.,#473);
#425=LOCAL_TIME(0,0,0.,#474);
#426=LOCAL_TIME(0,0,0.,#475);
#427=LOCAL_TIME(0,0,0.,#476);
#428=LOCAL_TIME(0,0,0.,#477);
#429=LOCAL_TIME(0,0,0.,#478);
#430=LOCAL_TIME(0,0,0.,#479);
#431=LOCAL_TIME(0,0,0.,#480);
#432=LOCAL_TIME(0,0,0.,#481);
#433=LOCAL_TIME(0,0,0.,#482);
#434=LOCAL_TIME(0,0,0.,#483);
#435=LOCAL_TIME(0,0,0.,#484);
#436=LOCAL_TIME(0,0,0.,#485);
#437=LOCAL_TIME(0,0,0.,#486);
#438=LOCAL_TIME(0,0,0.,#487);
#439=LOCAL_TIME(0,0,0.,#488);
#440=LOCAL_TIME(0,0,0.,#489);
#441=LOCAL_TIME(0,0,0.,#490);
#442=LOCAL_TIME(0,0,0.,#491);
#443=LOCAL_TIME(0,0,0.,#492);
#444=LOCAL_TIME(0,0,0.,#493);
#445=LOCAL_TIME(0,0,0.,#494);
#446=LOCAL_TIME(0,0,0.,#495);
#447=LOCAL_TIME(0,0,0.,#496);
#448=LOCAL_TIME(0,0,0.,#497);
#449=LOCAL_TIME(0,0,0.,#498);
#450=LOCAL_TIME(0,0,0.,#499);
#451=LOCAL_TIME(0,0,0.,#500);
#452=LOCAL_TIME(0,0,0.,#501);
#453=LOCAL_TIME(0,0,0.,#502);
#454=LOCAL_TIME(0,0,0.,#503);
#455=LOCAL_TIME(0,0,0.,#504);
#456=LOCAL_TIME(0,0,0.,#505);
#457=COORDINATED_UNIVERSAL_TIME_OFFSET(0,0,.BEHIND.);
#458=COORDINATED_UNIVERSAL_TIME_OFFSET(0,0,.BEHIND.);
#459=COORDINATED_UNIVERSAL_TIME_OFFSET(0,0,.BEHIND.);
#460=COORDINATED_UNIVERSAL_TIME_OFFSET(0,0,.BEHIND.);
#461=COORDINATED_UNIVERSAL_TIME_OFFSET(0,0,.BEHIND.);
#462=COORDINATED_UNIVERSAL_TIME_OFFSET(0,0,.BEHIND.);
#463=COORDINATED_UNIVERSAL_TIME_OFFSET(0,0,.BEHIND.);
#464=COORDINATED_UNIVERSAL_TIME_OFFSET(0,0,.BEHIND.);
#465=COORDINATED_UNIVERSAL_TIME_OFFSET(0,0,.BEHIND.);
#466=COORDINATED_UNIVERSAL_TIME_OFFSET(0,0,.BEHIND.);
#467=COORDINATED_UNIVERSAL_TIME_OFFSET(0,0,.BEHIND.);
#468=COORDINATED_UNIVERSAL_TIME_OFFSET(0,0,.BEHIND.);
#469=COORDINATED_UNIVERSAL_TIME_OFFSET(0,0,.BEHIND.);
#470=COORDINATED_UNIVERSAL_TIME_OFFSET(0,0,.BEHIND.);
#471=COORDINATED_UNIVERSAL_TIME_OFFSET(0,0,.BEHIND.);
#472=COORDINATED_UNIVERSAL_TIME_OFFSET(0,0,.BEHIND.);
#473=COORDINATED_UNIVERSAL_TIME_OFFSET(0,0,.BEHIND.);
#474=COORDINATED_UNIVERSAL_TIME_OFFSET(0,0,.BEHIND.);
#475=COORDINATED_UNIVERSAL_TIME_OFFSET(0,0,.BEHIND.);
#476=COORDINATED_UNIVERSAL_TIME_OFFSET(0,0,.BEHIND.);
#477=COORDINATED_UNIVERSAL_TIME_OFFSET(0,0,.BEHIND.);
#478=COORDINATED_UNIVERSAL_TIME_OFFSET(0,0,.BEHIND.);
#479=COORDINATED_UNIVERSAL_TIME_OFFSET(0,0,.BEHIND.);
#480=COORDINATED_UNIVERSAL_TIME_OFFSET(0,0,.BEHIND.);
#481=COORDINATED_UNIVERSAL_TIME_OFFSET(0,0,.BEHIND.);
#482=COORDINATED_UNIVERSAL_TIME_OFFSET(0,0,.BEHIND.);
#483=COORDINATED_UNIVERSAL_TIME_OFFSET(0,0,.BEHIND.);
#484=COORDINATED_UNIVERSAL_TIME_OFFSET(0,0,.BEHIND.);
#485=COORDINATED_UNIVERSAL_TIME_OFFSET(0,0,.BEHIND.);
#486=COORDINATED_UNIVERSAL_TIME_OFFSET(0,0,.BEHIND.);
#487=COORDINATED_UNIVERSAL_TIME_OFFSET(0,0,.BEHIND.);
#488=COORDINATED_UNIVERSAL_TIME_OFFSET(0,0,.BEHIND.);
#489=COORDINATED_UNIVERSAL_TIME_OFFSET(0,0,.BEHIND.);
#490=COORDINATED_UNIVERSAL_TIME_OFFSET(0,0,.BEHIND.);
#491=COORDINATED_UNIVERSAL_TIME_OFFSET(0,0,.BEHIND.);
#492=COORDINATED_UNIVERSAL_TIME_OFFSET(0,0,.BEHIND.);
#493=COORDINATED_UNIVERSAL_TIME_OFFSET(0,0,.BEHIND.);
#494=COORDINATED_UNIVERSAL_TIME_OFFSET(0,0,.BEHIND.);
#495=COORDINATED_UNIVERSAL_TIME_OFFSET(0,0,.BEHIND.);
#496=COORDINATED_UNIVERSAL_TIME_OFFSET(0,0,.BEHIND.);
#497=COORDINATED_UNIVERSAL_TIME_OFFSET(0,0,.BEHIND.);
#498=COORDINATED_UNIVERSAL_TIME_OFFSET(0,0,.BEHIND.);
#499=COORDINATED_UNIVERSAL_TIME_OFFSET(0,0,.BEHIND.);
#500=COORDINATED_UNIVERSAL_TIME_OFFSET(0,0,.BEHIND.);
#501=COORDINATED_UNIVERSAL_TIME_OFFSET(0,0,.BEHIND.);
#502=COORDINATED_UNIVERSAL_TIME_OFFSET(0,0,.BEHIND.);
#503=COORDINATED_UNIVERSAL_TIME_OFFSET(0,0,.BEHIND.);
#504=COORDINATED_UNIVERSAL_TIME_OFFSET(0,0,.BEHIND.);
#505=COORDINATED_UNIVERSAL_TIME_OFFSET(0,0,.BEHIND.);
#506=CALENDAR_DATE(0,1,1);
#507=CALENDAR_DATE(0,1,1);
#508=CALENDAR_DATE(0,1,1);
#509=CALENDAR_DATE(0,1,1);
#510=CALENDAR_DATE(0,1,1);
#511=CALENDAR_DATE(0,1,1);
#512=CALENDAR_DATE(0,1,1);
#513=CALENDAR_DATE(0,1,1);
#514=CALENDAR_DATE(0,1,1);
#515=CALENDAR_DATE(0,1,1);
#516=CALENDAR_DATE(0,1,1);
#517=CALENDAR_DATE(0,1,1);
#518=CALENDAR_DATE(0,1,1);
#519=CALENDAR_DATE(0,1,1);
#520=CALENDAR_DATE(0,1,1);
#521=CALENDAR_DATE(0,1,1);
#522=CALENDAR_DATE(0,1,1);
#523=CALENDAR_DATE(0,1,1);
#524=CALENDAR_DATE(0,1,1);
#525=CALENDAR_DATE(0,1,1);
#526=CALENDAR_DATE(0,1,1);
#527=CALENDAR_DATE(0,1,1);
#528=CALENDAR_DATE(0,1,1);
#529=CALENDAR_DATE(0,1,1);
#530=CALENDAR_DATE(0,1,1);
#531=CALENDAR_DATE(0,1,1);
#532=CALENDAR_DATE(0,1,1);
#533=CALENDAR_DATE(0,1,1);
#534=CALENDAR_DATE(0,1,1);
#535=CALENDAR_DATE(0,1,1);
#536=CALENDAR_DATE(0,1,1);
#537=CALENDAR_DATE(0,1,1);
#538=CALENDAR_DATE(0,1,1);
#539=CALENDAR_DATE(0,1,1);
#540=CALENDAR_DATE(0,1,1);
#541=CALENDAR_DATE(0,1,1);
#542=CALENDAR_DATE(0,1,1);
#543=CALENDAR_DATE(0,1,1);
#544=CALENDAR_DATE(0,1,1);
#545=CALENDAR_DATE(0,1,1);
#546=CALENDAR_DATE(0,1,1);
#547=CALENDAR_DATE(0,1,1);
#548=CALENDAR_DATE(0,1,1);
#549=CALENDAR_DATE(0,1,1);
#550=CALENDAR_DATE(0,1,1);
#551=CALENDAR_DATE(0,1,1);
#552=CALENDAR_DATE(0,1,1);
#553=CALENDAR_DATE(0,1,1);
#554=CALENDAR_DATE(0,1,1);
#555=SHAPE_DEFINITION_REPRESENTATION(#562,#628);
#556=SHAPE_DEFINITION_REPRESENTATION(#563,#629);
#557=SHAPE_DEFINITION_REPRESENTATION(#564,#630);
#558=SHAPE_DEFINITION_REPRESENTATION(#565,#631);
#559=SHAPE_DEFINITION_REPRESENTATION(#566,#632);
#560=SHAPE_DEFINITION_REPRESENTATION(#567,#633);
#561=SHAPE_DEFINITION_REPRESENTATION(#568,#634);
#562=PRODUCT_DEFINITION_SHAPE('','',#576);
#563=PRODUCT_DEFINITION_SHAPE('','',#577);
#564=PRODUCT_DEFINITION_SHAPE('','',#578);
#565=PRODUCT_DEFINITION_SHAPE('','',#579);
#566=PRODUCT_DEFINITION_SHAPE('','',#580);
#567=PRODUCT_DEFINITION_SHAPE('','',#581);
#568=PRODUCT_DEFINITION_SHAPE('','',#582);
#569=PRODUCT_DEFINITION_SHAPE(' ','NAUO PRDDFN',#17);
#570=PRODUCT_DEFINITION_SHAPE(' ','NAUO PRDDFN',#18);
#571=PRODUCT_DEFINITION_SHAPE(' ','NAUO PRDDFN',#19);
#572=PRODUCT_DEFINITION_SHAPE(' ','NAUO PRDDFN',#20);
#573=PRODUCT_DEFINITION_SHAPE(' ','NAUO PRDDFN',#21);
#574=PRODUCT_DEFINITION_SHAPE(' ','NAUO PRDDFN',#22);
#575=PRODUCT_DEFINITION_SHAPE(' ','NAUO PRDDFN',#23);
#576=PRODUCT_DEFINITION(' ','',#590,#583);
#577=PRODUCT_DEFINITION(' ','',#591,#584);
#578=PRODUCT_DEFINITION(' ','',#592,#585);
#579=PRODUCT_DEFINITION(' ','',#593,#586);
#580=PRODUCT_DEFINITION(' ','',#594,#587);
#581=PRODUCT_DEFINITION(' ','',#595,#588);
#582=PRODUCT_DEFINITION(' ','',#596,#589);
#583=PRODUCT_DEFINITION_CONTEXT('part definition',#627,'design');
#584=PRODUCT_DEFINITION_CONTEXT('part definition',#627,'design');
#585=PRODUCT_DEFINITION_CONTEXT('part definition',#627,'design');
#586=PRODUCT_DEFINITION_CONTEXT('part definition',#627,'design');
#587=PRODUCT_DEFINITION_CONTEXT('part definition',#627,'design');
#588=PRODUCT_DEFINITION_CONTEXT('part definition',#627,'design');
#589=PRODUCT_DEFINITION_CONTEXT('part definition',#627,'design');
#590=PRODUCT_DEFINITION_FORMATION_WITH_SPECIFIED_SOURCE(' ',' ',#604,
 .NOT_KNOWN.);
#591=PRODUCT_DEFINITION_FORMATION_WITH_SPECIFIED_SOURCE(' ',' ',#605,
 .NOT_KNOWN.);
#592=PRODUCT_DEFINITION_FORMATION_WITH_SPECIFIED_SOURCE(' ',' ',#606,
 .NOT_KNOWN.);
#593=PRODUCT_DEFINITION_FORMATION_WITH_SPECIFIED_SOURCE(' ',' ',#607,
 .NOT_KNOWN.);
#594=PRODUCT_DEFINITION_FORMATION_WITH_SPECIFIED_SOURCE(' ',' ',#608,
 .NOT_KNOWN.);
#595=PRODUCT_DEFINITION_FORMATION_WITH_SPECIFIED_SOURCE(' ',' ',#609,
 .NOT_KNOWN.);
#596=PRODUCT_DEFINITION_FORMATION_WITH_SPECIFIED_SOURCE(' ',' ',#610,
 .NOT_KNOWN.);
#597=PRODUCT_RELATED_PRODUCT_CATEGORY('detail','',(#604));
#598=PRODUCT_RELATED_PRODUCT_CATEGORY('detail','',(#605));
#599=PRODUCT_RELATED_PRODUCT_CATEGORY('detail','',(#606));
#600=PRODUCT_RELATED_PRODUCT_CATEGORY('detail','',(#607));
#601=PRODUCT_RELATED_PRODUCT_CATEGORY('detail','',(#608));
#602=PRODUCT_RELATED_PRODUCT_CATEGORY('detail','',(#609));
#603=PRODUCT_RELATED_PRODUCT_CATEGORY('detail','',(#610));
#604=PRODUCT('AMAZON-B07Y2V1F8V','AMAZON-B07Y2V1F8V',' ',(#619));
#605=PRODUCT('AMAZON-B078KBC5VH','AMAZON-B078KBC5VH',' ',(#620));
#606=PRODUCT('SDOF-PWR-C03','SDOF-PWR-C03',' ',(#621));
#607=PRODUCT('SDOF-PWR-C02','SDOF-PWR-C02',' ',(#622));
#608=PRODUCT('SDOF-PWR-C01','SDOF-PWR-C01',' ',(#623));
#609=PRODUCT('AMAZON-B08LDC41B6','AMAZON-B08LDC41B6',' ',(#624));
#610=PRODUCT('SDOF-PWR-A01','SDOF-PWR-A01',' ',(#625));
#611=PRODUCT_CATEGORY('part',' ');
#612=PRODUCT_CATEGORY(' ','');
#613=PRODUCT_CATEGORY(' ','');
#614=PRODUCT_CATEGORY(' ','');
#615=PRODUCT_CATEGORY(' ','');
#616=PRODUCT_CATEGORY(' ','');
#617=PRODUCT_CATEGORY(' ','');
#618=PRODUCT_CATEGORY(' ','');
#619=PRODUCT_CONTEXT(' ',#627,'mechanical');
#620=PRODUCT_CONTEXT(' ',#627,'mechanical');
#621=PRODUCT_CONTEXT(' ',#627,'mechanical');
#622=PRODUCT_CONTEXT(' ',#627,'mechanical');
#623=PRODUCT_CONTEXT(' ',#627,'mechanical');
#624=PRODUCT_CONTEXT(' ',#627,'mechanical');
#625=PRODUCT_CONTEXT(' ',#627,'mechanical');
#626=APPLICATION_PROTOCOL_DEFINITION('international standard',
'config_control_design',2010,#627);
#627=APPLICATION_CONTEXT(
'configuration controlled 3D designs of mechanical parts and assemblie
s');
#628=SHAPE_REPRESENTATION('AMAZON-B07Y2V1F8V-None',(#3570),#5488);
#629=SHAPE_REPRESENTATION('AMAZON-B078KBC5VH-None',(#3570),#5487);
#630=SHAPE_REPRESENTATION('SDOF-PWR-C03-None',(#3570),#5486);
#631=SHAPE_REPRESENTATION('SDOF-PWR-C02-None',(#3570),#5485);
#632=SHAPE_REPRESENTATION('SDOF-PWR-C01-None',(#3570),#5484);
#633=SHAPE_REPRESENTATION('AMAZON-B08LDC41B6-None',(#3570),#5483);
#634=SHAPE_REPRESENTATION('SDOF-PWR-A01-none',(#3570,#3831,#3832,#3833,
#3834,#3835,#3836,#3837),#5482);
#635=TOROIDAL_SURFACE('',#3762,0.205,0.04);
#636=TOROIDAL_SURFACE('',#3778,0.2275,0.04);
#637=TOROIDAL_SURFACE('',#3802,0.075,0.04);
#638=CONICAL_SURFACE('',#3761,0.2,45.);
#639=CONICAL_SURFACE('',#3777,0.24,45.);
#640=ELLIPSE('',#3704,0.183847763108502,0.13);
#641=ELLIPSE('',#3705,0.183847763108502,0.13);
#642=ELLIPSE('',#3796,0.128905083689517,0.115);
#643=PRESENTATION_LAYER_ASSIGNMENT('1','Layer 1',(#688,#689,#690,#691,#692,
#693));
#644=STYLED_ITEM('',(#650),#688);
#645=STYLED_ITEM('',(#651),#689);
#646=STYLED_ITEM('',(#652),#690);
#647=STYLED_ITEM('',(#653),#691);
#648=STYLED_ITEM('',(#654),#692);
#649=STYLED_ITEM('',(#655),#693);
#650=PRESENTATION_STYLE_ASSIGNMENT((#656));
#651=PRESENTATION_STYLE_ASSIGNMENT((#657));
#652=PRESENTATION_STYLE_ASSIGNMENT((#658));
#653=PRESENTATION_STYLE_ASSIGNMENT((#659));
#654=PRESENTATION_STYLE_ASSIGNMENT((#660));
#655=PRESENTATION_STYLE_ASSIGNMENT((#661));
#656=SURFACE_STYLE_USAGE(.BOTH.,#662);
#657=SURFACE_STYLE_USAGE(.BOTH.,#663);
#658=SURFACE_STYLE_USAGE(.BOTH.,#664);
#659=SURFACE_STYLE_USAGE(.BOTH.,#665);
#660=SURFACE_STYLE_USAGE(.BOTH.,#666);
#661=SURFACE_STYLE_USAGE(.BOTH.,#667);
#662=SURFACE_SIDE_STYLE('',(#668));
#663=SURFACE_SIDE_STYLE('',(#669));
#664=SURFACE_SIDE_STYLE('',(#670));
#665=SURFACE_SIDE_STYLE('',(#671));
#666=SURFACE_SIDE_STYLE('',(#672));
#667=SURFACE_SIDE_STYLE('',(#673));
#668=SURFACE_STYLE_FILL_AREA(#674);
#669=SURFACE_STYLE_FILL_AREA(#675);
#670=SURFACE_STYLE_FILL_AREA(#676);
#671=SURFACE_STYLE_FILL_AREA(#677);
#672=SURFACE_STYLE_FILL_AREA(#678);
#673=SURFACE_STYLE_FILL_AREA(#679);
#674=FILL_AREA_STYLE('',(#680));
#675=FILL_AREA_STYLE('',(#681));
#676=FILL_AREA_STYLE('',(#682));
#677=FILL_AREA_STYLE('',(#683));
#678=FILL_AREA_STYLE('',(#684));
#679=FILL_AREA_STYLE('',(#685));
#680=FILL_AREA_STYLE_COLOUR('',#686);
#681=FILL_AREA_STYLE_COLOUR('',#687);
#682=FILL_AREA_STYLE_COLOUR('',#686);
#683=FILL_AREA_STYLE_COLOUR('',#686);
#684=FILL_AREA_STYLE_COLOUR('',#686);
#685=FILL_AREA_STYLE_COLOUR('',#686);
#686=COLOUR_RGB('medium steel',0.611764705882353,0.658823529411765,0.670588235294118);
#687=COLOUR_RGB('strong lemon',1.,0.949019607843137,0.513725490196078);
#688=MANIFOLD_SOLID_BREP('',#694);
#689=MANIFOLD_SOLID_BREP('SDOF-PWR-C01',#695);
#690=MANIFOLD_SOLID_BREP('SDOF-PWR-C02',#696);
#691=MANIFOLD_SOLID_BREP('SDOF-PWR-C03',#697);
#692=MANIFOLD_SOLID_BREP('',#698);
#693=MANIFOLD_SOLID_BREP('',#699);
#694=CLOSED_SHELL('',(#962,#963,#964,#965,#966,#967,#968,#969,#970,#971,
#972,#973,#974,#975,#976,#977,#978,#979,#980,#981,#982,#983,#984,#985,#986,
#987,#988,#989,#990,#991,#992,#993,#994,#995,#996,#997,#998,#999,#1000,
#1001,#1002,#1003,#1004,#1005,#1006,#1007,#1008,#1009,#1010,#1011,#1012,
#1013,#1014,#1015,#1016));
#695=CLOSED_SHELL('',(#1017,#1018,#1019,#1020,#1021,#1022,#1023,#1024,#1025,
#1026,#1027,#1028,#1029,#1030,#1031,#1032,#1033,#1034,#1035,#1036,#1037,
#1038,#1039,#1040,#1041,#1042,#1043,#1044,#1045,#1046,#1047,#1048,#1049,
#1050,#1051,#1052,#1053,#1054,#1055,#1056,#1057,#1058,#1059,#1060,#1061,
#1062,#1063,#1064,#1065,#1066,#1067,#1068,#1069,#1070,#1071));
#696=CLOSED_SHELL('',(#1072,#1073,#1074,#1075,#1076,#1077,#1078));
#697=CLOSED_SHELL('',(#1079,#1080,#1081,#1082,#1083,#1084,#1085,#1086));
#698=CLOSED_SHELL('',(#1087,#1088,#1089,#1090,#1091,#1092,#1093,#1094,#1095,
#1096,#1097,#1098,#1099,#1100,#1101,#1102,#1103,#1104,#1105));
#699=CLOSED_SHELL('',(#1106,#1107,#1108,#1109,#1110,#1111,#1112,#1113,#1114,
#1115,#1116,#1117,#1118,#1119,#1120,#1121,#1122,#1123,#1124,#1125,#1126,
#1127,#1128,#1129));
#700=CYLINDRICAL_SURFACE('',#3607,0.0600000000000001);
#701=CYLINDRICAL_SURFACE('',#3609,0.0599999999999974);
#702=CYLINDRICAL_SURFACE('',#3611,0.0600000000000001);
#703=CYLINDRICAL_SURFACE('',#3613,0.0599999999999974);
#704=CYLINDRICAL_SURFACE('',#3616,0.0599999999999974);
#705=CYLINDRICAL_SURFACE('',#3618,0.0600000000000001);
#706=CYLINDRICAL_SURFACE('',#3620,0.0599999999999974);
#707=CYLINDRICAL_SURFACE('',#3622,0.0600000000000001);
#708=CYLINDRICAL_SURFACE('',#3624,0.0599999999999974);
#709=CYLINDRICAL_SURFACE('',#3626,0.0600000000000001);
#710=CYLINDRICAL_SURFACE('',#3641,0.15);
#711=CYLINDRICAL_SURFACE('',#3644,0.15);
#712=CYLINDRICAL_SURFACE('',#3647,0.15);
#713=CYLINDRICAL_SURFACE('',#3650,0.15);
#714=CYLINDRICAL_SURFACE('',#3653,0.15);
#715=CYLINDRICAL_SURFACE('',#3656,0.15);
#716=CYLINDRICAL_SURFACE('',#3659,0.15);
#717=CYLINDRICAL_SURFACE('',#3662,0.15);
#718=CYLINDRICAL_SURFACE('',#3665,0.15);
#719=CYLINDRICAL_SURFACE('',#3667,0.13);
#720=CYLINDRICAL_SURFACE('',#3668,0.04);
#721=CYLINDRICAL_SURFACE('',#3669,0.04);
#722=CYLINDRICAL_SURFACE('',#3672,0.06);
#723=CYLINDRICAL_SURFACE('',#3675,0.06);
#724=CYLINDRICAL_SURFACE('',#3680,0.0600000000000001);
#725=CYLINDRICAL_SURFACE('',#3706,0.13);
#726=CYLINDRICAL_SURFACE('',#3707,0.04);
#727=CYLINDRICAL_SURFACE('',#3708,0.04);
#728=CYLINDRICAL_SURFACE('',#3710,0.0600000000000001);
#729=CYLINDRICAL_SURFACE('',#3723,0.2345);
#730=CYLINDRICAL_SURFACE('',#3726,0.25);
#731=CYLINDRICAL_SURFACE('',#3729,0.25);
#732=CYLINDRICAL_SURFACE('',#3730,0.25);
#733=CYLINDRICAL_SURFACE('',#3751,0.25);
#734=CYLINDRICAL_SURFACE('',#3754,0.165);
#735=CYLINDRICAL_SURFACE('',#3758,0.3);
#736=CYLINDRICAL_SURFACE('',#3765,0.25);
#737=CYLINDRICAL_SURFACE('',#3768,0.1875);
#738=CYLINDRICAL_SURFACE('',#3772,0.3);
#739=CYLINDRICAL_SURFACE('',#3795,0.2325);
#740=CYLINDRICAL_SURFACE('',#3799,0.115);
#741=CYLINDRICAL_SURFACE('',#3814,0.07);
#742=CYLINDRICAL_SURFACE('',#3825,0.07);
#743=FACE_BOUND('',#1367,.T.);
#744=FACE_BOUND('',#1368,.T.);
#745=FACE_BOUND('',#1369,.T.);
#746=FACE_BOUND('',#1370,.T.);
#747=FACE_BOUND('',#1372,.T.);
#748=FACE_BOUND('',#1373,.T.);
#749=FACE_BOUND('',#1374,.T.);
#750=FACE_BOUND('',#1375,.T.);
#751=FACE_BOUND('',#1377,.T.);
#752=FACE_BOUND('',#1378,.T.);
#753=FACE_BOUND('',#1379,.T.);
#754=FACE_BOUND('',#1380,.T.);
#755=FACE_BOUND('',#1381,.T.);
#756=FACE_BOUND('',#1382,.T.);
#757=FACE_BOUND('',#1405,.T.);
#758=FACE_BOUND('',#1406,.T.);
#759=FACE_BOUND('',#1407,.T.);
#760=FACE_BOUND('',#1408,.T.);
#761=FACE_BOUND('',#1409,.T.);
#762=FACE_BOUND('',#1410,.T.);
#763=FACE_BOUND('',#1411,.T.);
#764=FACE_BOUND('',#1412,.T.);
#765=FACE_BOUND('',#1413,.T.);
#766=FACE_BOUND('',#1414,.T.);
#767=FACE_BOUND('',#1417,.T.);
#768=FACE_BOUND('',#1418,.T.);
#769=FACE_BOUND('',#1420,.T.);
#770=FACE_BOUND('',#1421,.T.);
#771=FACE_BOUND('',#1423,.T.);
#772=FACE_BOUND('',#1424,.T.);
#773=FACE_BOUND('',#1426,.T.);
#774=FACE_BOUND('',#1427,.T.);
#775=FACE_BOUND('',#1429,.T.);
#776=FACE_BOUND('',#1430,.T.);
#777=FACE_BOUND('',#1432,.T.);
#778=FACE_BOUND('',#1433,.T.);
#779=FACE_BOUND('',#1435,.T.);
#780=FACE_BOUND('',#1436,.T.);
#781=FACE_BOUND('',#1438,.T.);
#782=FACE_BOUND('',#1439,.T.);
#783=FACE_BOUND('',#1441,.T.);
#784=FACE_BOUND('',#1442,.T.);
#785=FACE_BOUND('',#1447,.T.);
#786=FACE_BOUND('',#1448,.T.);
#787=FACE_BOUND('',#1449,.T.);
#788=FACE_BOUND('',#1450,.T.);
#789=FACE_BOUND('',#1451,.T.);
#790=FACE_BOUND('',#1452,.T.);
#791=FACE_BOUND('',#1453,.T.);
#792=FACE_BOUND('',#1454,.T.);
#793=FACE_BOUND('',#1455,.T.);
#794=FACE_BOUND('',#1456,.T.);
#795=FACE_BOUND('',#1459,.T.);
#796=FACE_BOUND('',#1460,.T.);
#797=FACE_BOUND('',#1461,.T.);
#798=FACE_BOUND('',#1462,.T.);
#799=FACE_BOUND('',#1463,.T.);
#800=FACE_BOUND('',#1466,.T.);
#801=FACE_BOUND('',#1467,.T.);
#802=FACE_BOUND('',#1468,.T.);
#803=FACE_BOUND('',#1469,.T.);
#804=FACE_BOUND('',#1470,.T.);
#805=FACE_BOUND('',#1474,.T.);
#806=FACE_BOUND('',#1475,.T.);
#807=FACE_BOUND('',#1476,.T.);
#808=FACE_BOUND('',#1477,.T.);
#809=FACE_BOUND('',#1482,.T.);
#810=FACE_BOUND('',#1483,.T.);
#811=FACE_BOUND('',#1484,.T.);
#812=FACE_BOUND('',#1485,.T.);
#813=FACE_BOUND('',#1490,.T.);
#814=FACE_BOUND('',#1491,.T.);
#815=FACE_BOUND('',#1496,.T.);
#816=FACE_BOUND('',#1497,.T.);
#817=FACE_BOUND('',#1498,.T.);
#818=FACE_BOUND('',#1499,.T.);
#819=FACE_BOUND('',#1500,.T.);
#820=FACE_BOUND('',#1501,.T.);
#821=FACE_BOUND('',#1502,.T.);
#822=FACE_BOUND('',#1503,.T.);
#823=FACE_BOUND('',#1504,.T.);
#824=FACE_BOUND('',#1505,.T.);
#825=FACE_BOUND('',#1506,.T.);
#826=FACE_BOUND('',#1507,.T.);
#827=FACE_BOUND('',#1508,.T.);
#828=FACE_BOUND('',#1509,.T.);
#829=FACE_BOUND('',#1518,.T.);
#830=FACE_BOUND('',#1519,.T.);
#831=FACE_BOUND('',#1524,.T.);
#832=FACE_BOUND('',#1525,.T.);
#833=FACE_BOUND('',#1530,.T.);
#834=FACE_BOUND('',#1531,.T.);
#835=FACE_BOUND('',#1532,.T.);
#836=FACE_BOUND('',#1533,.T.);
#837=FACE_BOUND('',#1534,.T.);
#838=FACE_BOUND('',#1535,.T.);
#839=FACE_BOUND('',#1536,.T.);
#840=FACE_BOUND('',#1537,.T.);
#841=FACE_BOUND('',#1538,.T.);
#842=FACE_BOUND('',#1539,.T.);
#843=FACE_BOUND('',#1540,.T.);
#844=FACE_BOUND('',#1541,.T.);
#845=FACE_BOUND('',#1542,.T.);
#846=FACE_BOUND('',#1543,.T.);
#847=FACE_BOUND('',#1544,.T.);
#848=FACE_BOUND('',#1545,.T.);
#849=FACE_BOUND('',#1546,.T.);
#850=FACE_BOUND('',#1547,.T.);
#851=FACE_BOUND('',#1548,.T.);
#852=FACE_BOUND('',#1549,.T.);
#853=FACE_BOUND('',#1550,.T.);
#854=FACE_BOUND('',#1551,.T.);
#855=FACE_BOUND('',#1552,.T.);
#856=FACE_BOUND('',#1553,.T.);
#857=FACE_BOUND('',#1554,.T.);
#858=FACE_BOUND('',#1555,.T.);
#859=FACE_BOUND('',#1556,.T.);
#860=FACE_BOUND('',#1557,.T.);
#861=FACE_BOUND('',#1558,.T.);
#862=FACE_BOUND('',#1559,.T.);
#863=FACE_BOUND('',#1565,.T.);
#864=FACE_BOUND('',#1566,.T.);
#865=FACE_BOUND('',#1575,.T.);
#866=FACE_BOUND('',#1576,.T.);
#867=FACE_BOUND('',#1577,.T.);
#868=FACE_BOUND('',#1578,.T.);
#869=FACE_BOUND('',#1579,.T.);
#870=FACE_BOUND('',#1580,.T.);
#871=FACE_BOUND('',#1582,.T.);
#872=FACE_BOUND('',#1583,.T.);
#873=CIRCLE('',#3574,0.0600000000000001);
#874=CIRCLE('',#3575,0.0599999999999974);
#875=CIRCLE('',#3576,0.0600000000000001);
#876=CIRCLE('',#3577,0.0599999999999974);
#877=CIRCLE('',#3578,0.0600000000000001);
#878=CIRCLE('',#3579,0.0599999999999974);
#879=CIRCLE('',#3580,0.04);
#880=CIRCLE('',#3581,0.13);
#881=CIRCLE('',#3584,0.0599999999999974);
#882=CIRCLE('',#3585,0.0600000000000001);
#883=CIRCLE('',#3586,0.0599999999999974);
#884=CIRCLE('',#3587,0.0600000000000001);
#885=CIRCLE('',#3588,0.0599999999999974);
#886=CIRCLE('',#3589,0.0600000000000001);
#887=CIRCLE('',#3590,0.04);
#888=CIRCLE('',#3591,0.13);
#889=CIRCLE('',#3594,0.0600000000000001);
#890=CIRCLE('',#3595,0.0599999999999974);
#891=CIRCLE('',#3596,0.0600000000000001);
#892=CIRCLE('',#3597,0.0599999999999974);
#893=CIRCLE('',#3598,0.04);
#894=CIRCLE('',#3600,0.0599999999999974);
#895=CIRCLE('',#3601,0.0600000000000001);
#896=CIRCLE('',#3602,0.0599999999999974);
#897=CIRCLE('',#3603,0.0600000000000001);
#898=CIRCLE('',#3604,0.04);
#899=CIRCLE('',#3628,0.15);
#900=CIRCLE('',#3629,0.15);
#901=CIRCLE('',#3630,0.15);
#902=CIRCLE('',#3631,0.15);
#903=CIRCLE('',#3632,0.15);
#904=CIRCLE('',#3633,0.15);
#905=CIRCLE('',#3634,0.15);
#906=CIRCLE('',#3635,0.15);
#907=CIRCLE('',#3636,0.15);
#908=CIRCLE('',#3640,0.15);
#909=CIRCLE('',#3643,0.15);
#910=CIRCLE('',#3646,0.15);
#911=CIRCLE('',#3649,0.15);
#912=CIRCLE('',#3652,0.15);
#913=CIRCLE('',#3655,0.15);
#914=CIRCLE('',#3658,0.15);
#915=CIRCLE('',#3661,0.15);
#916=CIRCLE('',#3664,0.15);
#917=CIRCLE('',#3670,0.06);
#918=CIRCLE('',#3671,0.06);
#919=CIRCLE('',#3673,0.06);
#920=CIRCLE('',#3674,0.06);
#921=CIRCLE('',#3678,0.0600000000000001);
#922=CIRCLE('',#3679,0.0600000000000001);
#923=CIRCLE('',#3682,0.13);
#924=CIRCLE('',#3683,0.04);
#925=CIRCLE('',#3685,0.25);
#926=CIRCLE('',#3686,0.25);
#927=CIRCLE('',#3688,0.13);
#928=CIRCLE('',#3689,0.04);
#929=CIRCLE('',#3692,0.25);
#930=CIRCLE('',#3693,0.25);
#931=CIRCLE('',#3698,0.0600000000000001);
#932=CIRCLE('',#3699,0.04);
#933=CIRCLE('',#3701,0.04);
#934=CIRCLE('',#3709,0.0600000000000001);
#935=CIRCLE('',#3721,0.2345);
#936=CIRCLE('',#3722,0.2345);
#937=CIRCLE('',#3724,0.25);
#938=CIRCLE('',#3725,0.25);
#939=CIRCLE('',#3749,0.25);
#940=CIRCLE('',#3750,0.25);
#941=CIRCLE('',#3752,0.165);
#942=CIRCLE('',#3753,0.165);
#943=CIRCLE('',#3756,0.3);
#944=CIRCLE('',#3757,0.3);
#945=CIRCLE('',#3760,0.2);
#946=CIRCLE('',#3763,0.25);
#947=CIRCLE('',#3764,0.25);
#948=CIRCLE('',#3766,0.1875);
#949=CIRCLE('',#3767,0.1875);
#950=CIRCLE('',#3770,0.3);
#951=CIRCLE('',#3771,0.3);
#952=CIRCLE('',#3773,0.2275);
#953=CIRCLE('',#3774,0.24);
#954=CIRCLE('',#3784,0.2325);
#955=CIRCLE('',#3794,0.2325);
#956=CIRCLE('',#3798,0.115);
#957=CIRCLE('',#3800,0.075);
#958=CIRCLE('',#3803,0.07);
#959=CIRCLE('',#3805,0.07);
#960=CIRCLE('',#3813,0.07);
#961=CIRCLE('',#3824,0.07);
#962=ADVANCED_FACE('',(#1250),#1130,.F.);
#963=ADVANCED_FACE('',(#1251),#1131,.T.);
#964=ADVANCED_FACE('',(#1252),#1132,.F.);
#965=ADVANCED_FACE('',(#743,#744,#745,#746),#1133,.T.);
#966=ADVANCED_FACE('',(#1253),#1134,.T.);
#967=ADVANCED_FACE('',(#747,#748,#749,#750),#1135,.T.);
#968=ADVANCED_FACE('',(#1254),#1136,.T.);
#969=ADVANCED_FACE('',(#751,#752,#753),#1137,.F.);
#970=ADVANCED_FACE('',(#754,#755,#756),#1138,.F.);
#971=ADVANCED_FACE('',(#1255),#1139,.T.);
#972=ADVANCED_FACE('',(#1256),#700,.F.);
#973=ADVANCED_FACE('',(#1257),#1140,.T.);
#974=ADVANCED_FACE('',(#1258),#701,.F.);
#975=ADVANCED_FACE('',(#1259),#1141,.T.);
#976=ADVANCED_FACE('',(#1260),#702,.F.);
#977=ADVANCED_FACE('',(#1261),#1142,.T.);
#978=ADVANCED_FACE('',(#1262),#703,.F.);
#979=ADVANCED_FACE('',(#1263),#1143,.T.);
#980=ADVANCED_FACE('',(#1264),#1144,.T.);
#981=ADVANCED_FACE('',(#1265),#704,.F.);
#982=ADVANCED_FACE('',(#1266),#1145,.T.);
#983=ADVANCED_FACE('',(#1267),#705,.F.);
#984=ADVANCED_FACE('',(#1268),#1146,.T.);
#985=ADVANCED_FACE('',(#1269),#706,.F.);
#986=ADVANCED_FACE('',(#1270),#1147,.T.);
#987=ADVANCED_FACE('',(#1271),#707,.F.);
#988=ADVANCED_FACE('',(#1272),#1148,.T.);
#989=ADVANCED_FACE('',(#1273),#708,.F.);
#990=ADVANCED_FACE('',(#1274),#1149,.T.);
#991=ADVANCED_FACE('',(#1275),#709,.F.);
#992=ADVANCED_FACE('',(#1276),#1150,.F.);
#993=ADVANCED_FACE('',(#757,#758,#759,#760,#761,#762,#763,#764,#765,#766),
#1151,.F.);
#994=ADVANCED_FACE('',(#1277),#1152,.F.);
#995=ADVANCED_FACE('',(#1278),#1153,.T.);
#996=ADVANCED_FACE('',(#767,#768),#710,.T.);
#997=ADVANCED_FACE('',(#1279),#1154,.T.);
#998=ADVANCED_FACE('',(#769,#770),#711,.T.);
#999=ADVANCED_FACE('',(#1280),#1155,.T.);
#1000=ADVANCED_FACE('',(#771,#772),#712,.T.);
#1001=ADVANCED_FACE('',(#1281),#1156,.T.);
#1002=ADVANCED_FACE('',(#773,#774),#713,.T.);
#1003=ADVANCED_FACE('',(#1282),#1157,.T.);
#1004=ADVANCED_FACE('',(#775,#776),#714,.T.);
#1005=ADVANCED_FACE('',(#1283),#1158,.T.);
#1006=ADVANCED_FACE('',(#777,#778),#715,.T.);
#1007=ADVANCED_FACE('',(#1284),#1159,.T.);
#1008=ADVANCED_FACE('',(#779,#780),#716,.T.);
#1009=ADVANCED_FACE('',(#1285),#1160,.T.);
#1010=ADVANCED_FACE('',(#781,#782),#717,.T.);
#1011=ADVANCED_FACE('',(#1286),#1161,.T.);
#1012=ADVANCED_FACE('',(#783,#784),#718,.T.);
#1013=ADVANCED_FACE('',(#1287),#1162,.T.);
#1014=ADVANCED_FACE('',(#1288),#719,.T.);
#1015=ADVANCED_FACE('',(#1289),#720,.T.);
#1016=ADVANCED_FACE('',(#1290),#721,.T.);
#1017=ADVANCED_FACE('',(#785,#786),#722,.F.);
#1018=ADVANCED_FACE('',(#787,#788),#723,.F.);
#1019=ADVANCED_FACE('',(#789,#790),#1163,.T.);
#1020=ADVANCED_FACE('',(#791,#792),#1164,.T.);
#1021=ADVANCED_FACE('',(#793,#794),#724,.F.);
#1022=ADVANCED_FACE('',(#1291),#1165,.F.);
#1023=ADVANCED_FACE('',(#1292),#1166,.F.);
#1024=ADVANCED_FACE('',(#795,#796,#797,#798,#799),#1167,.F.);
#1025=ADVANCED_FACE('',(#1293),#1168,.F.);
#1026=ADVANCED_FACE('',(#1294),#1169,.F.);
#1027=ADVANCED_FACE('',(#800,#801,#802,#803,#804),#1170,.T.);
#1028=ADVANCED_FACE('',(#1295),#1171,.T.);
#1029=ADVANCED_FACE('',(#1296),#1172,.F.);
#1030=ADVANCED_FACE('',(#1297),#1173,.F.);
#1031=ADVANCED_FACE('',(#805,#806),#1174,.T.);
#1032=ADVANCED_FACE('',(#807,#808),#1175,.T.);
#1033=ADVANCED_FACE('',(#1298),#1176,.F.);
#1034=ADVANCED_FACE('',(#1299),#725,.F.);
#1035=ADVANCED_FACE('',(#1300),#726,.F.);
#1036=ADVANCED_FACE('',(#1301),#727,.F.);
#1037=ADVANCED_FACE('',(#809,#810),#728,.F.);
#1038=ADVANCED_FACE('',(#811,#812),#1177,.F.);
#1039=ADVANCED_FACE('',(#1302),#1178,.T.);
#1040=ADVANCED_FACE('',(#1303),#1179,.T.);
#1041=ADVANCED_FACE('',(#1304),#1180,.T.);
#1042=ADVANCED_FACE('',(#1305),#1181,.T.);
#1043=ADVANCED_FACE('',(#813,#814),#1182,.T.);
#1044=ADVANCED_FACE('',(#1306),#1183,.T.);
#1045=ADVANCED_FACE('',(#1307),#1184,.T.);
#1046=ADVANCED_FACE('',(#1308),#1185,.T.);
#1047=ADVANCED_FACE('',(#1309),#1186,.T.);
#1048=ADVANCED_FACE('',(#815,#816),#729,.F.);
#1049=ADVANCED_FACE('',(#817,#818),#730,.F.);
#1050=ADVANCED_FACE('',(#819,#820,#821),#1187,.T.);
#1051=ADVANCED_FACE('',(#822,#823,#824),#1188,.F.);
#1052=ADVANCED_FACE('',(#825,#826),#731,.F.);
#1053=ADVANCED_FACE('',(#827,#828),#732,.F.);
#1054=ADVANCED_FACE('',(#1310),#1189,.T.);
#1055=ADVANCED_FACE('',(#1311),#1190,.F.);
#1056=ADVANCED_FACE('',(#1312),#1191,.T.);
#1057=ADVANCED_FACE('',(#1313),#1192,.T.);
#1058=ADVANCED_FACE('',(#1314),#1193,.T.);
#1059=ADVANCED_FACE('',(#1315),#1194,.T.);
#1060=ADVANCED_FACE('',(#1316),#1195,.T.);
#1061=ADVANCED_FACE('',(#1317),#1196,.F.);
#1062=ADVANCED_FACE('',(#829,#830),#1197,.T.);
#1063=ADVANCED_FACE('',(#1318),#1198,.F.);
#1064=ADVANCED_FACE('',(#1319),#1199,.F.);
#1065=ADVANCED_FACE('',(#1320),#1200,.F.);
#1066=ADVANCED_FACE('',(#1321),#1201,.F.);
#1067=ADVANCED_FACE('',(#831,#832),#1202,.T.);
#1068=ADVANCED_FACE('',(#1322),#1203,.F.);
#1069=ADVANCED_FACE('',(#1323),#1204,.F.);
#1070=ADVANCED_FACE('',(#1324),#1205,.F.);
#1071=ADVANCED_FACE('',(#1325),#1206,.F.);
#1072=ADVANCED_FACE('',(#833,#834),#733,.T.);
#1073=ADVANCED_FACE('',(#835,#836),#734,.F.);
#1074=ADVANCED_FACE('',(#837,#838),#1207,.T.);
#1075=ADVANCED_FACE('',(#839,#840),#735,.T.);
#1076=ADVANCED_FACE('',(#841,#842),#1208,.F.);
#1077=ADVANCED_FACE('',(#843,#844),#638,.T.);
#1078=ADVANCED_FACE('',(#845,#846),#635,.T.);
#1079=ADVANCED_FACE('',(#847,#848),#736,.T.);
#1080=ADVANCED_FACE('',(#849,#850),#737,.F.);
#1081=ADVANCED_FACE('',(#851,#852),#1209,.T.);
#1082=ADVANCED_FACE('',(#853,#854),#738,.T.);
#1083=ADVANCED_FACE('',(#855,#856),#1210,.T.);
#1084=ADVANCED_FACE('',(#857,#858),#1211,.F.);
#1085=ADVANCED_FACE('',(#859,#860),#639,.T.);
#1086=ADVANCED_FACE('',(#861,#862),#636,.T.);
#1087=ADVANCED_FACE('',(#1326),#1212,.F.);
#1088=ADVANCED_FACE('',(#1327),#1213,.F.);
#1089=ADVANCED_FACE('',(#1328),#1214,.F.);
#1090=ADVANCED_FACE('',(#1329),#1215,.F.);
#1091=ADVANCED_FACE('',(#1330),#1216,.F.);
#1092=ADVANCED_FACE('',(#863,#864),#1217,.T.);
#1093=ADVANCED_FACE('',(#1331),#1218,.F.);
#1094=ADVANCED_FACE('',(#1332),#1219,.F.);
#1095=ADVANCED_FACE('',(#1333),#1220,.F.);
#1096=ADVANCED_FACE('',(#1334),#1221,.T.);
#1097=ADVANCED_FACE('',(#1335),#1222,.F.);
#1098=ADVANCED_FACE('',(#1336),#1223,.F.);
#1099=ADVANCED_FACE('',(#1337),#1224,.F.);
#1100=ADVANCED_FACE('',(#1338),#1225,.T.);
#1101=ADVANCED_FACE('',(#865,#866),#739,.T.);
#1102=ADVANCED_FACE('',(#867,#868),#1226,.T.);
#1103=ADVANCED_FACE('',(#869,#870),#740,.T.);
#1104=ADVANCED_FACE('',(#1339),#1227,.T.);
#1105=ADVANCED_FACE('',(#871,#872),#637,.T.);
#1106=ADVANCED_FACE('',(#1340),#1228,.F.);
#1107=ADVANCED_FACE('',(#1341),#1229,.F.);
#1108=ADVANCED_FACE('',(#1342),#1230,.F.);
#1109=ADVANCED_FACE('',(#1343),#1231,.F.);
#1110=ADVANCED_FACE('',(#1344),#1232,.F.);
#1111=ADVANCED_FACE('',(#1345),#1233,.F.);
#1112=ADVANCED_FACE('',(#1346),#1234,.F.);
#1113=ADVANCED_FACE('',(#1347),#1235,.F.);
#1114=ADVANCED_FACE('',(#1348),#741,.F.);
#1115=ADVANCED_FACE('',(#1349),#1236,.F.);
#1116=ADVANCED_FACE('',(#1350),#1237,.F.);
#1117=ADVANCED_FACE('',(#1351),#1238,.F.);
#1118=ADVANCED_FACE('',(#1352),#1239,.F.);
#1119=ADVANCED_FACE('',(#1353),#1240,.F.);
#1120=ADVANCED_FACE('',(#1354),#1241,.F.);
#1121=ADVANCED_FACE('',(#1355),#1242,.F.);
#1122=ADVANCED_FACE('',(#1356),#1243,.F.);
#1123=ADVANCED_FACE('',(#1357),#1244,.F.);
#1124=ADVANCED_FACE('',(#1358),#742,.F.);
#1125=ADVANCED_FACE('',(#1359),#1245,.F.);
#1126=ADVANCED_FACE('',(#1360),#1246,.T.);
#1127=ADVANCED_FACE('',(#1361),#1247,.T.);
#1128=ADVANCED_FACE('',(#1362),#1248,.T.);
#1129=ADVANCED_FACE('',(#1363),#1249,.T.);
#1130=PLANE('',#3571);
#1131=PLANE('',#3572);
#1132=PLANE('',#3573);
#1133=PLANE('',#3582);
#1134=PLANE('',#3583);
#1135=PLANE('',#3592);
#1136=PLANE('',#3593);
#1137=PLANE('',#3599);
#1138=PLANE('',#3605);
#1139=PLANE('',#3606);
#1140=PLANE('',#3608);
#1141=PLANE('',#3610);
#1142=PLANE('',#3612);
#1143=PLANE('',#3614);
#1144=PLANE('',#3615);
#1145=PLANE('',#3617);
#1146=PLANE('',#3619);
#1147=PLANE('',#3621);
#1148=PLANE('',#3623);
#1149=PLANE('',#3625);
#1150=PLANE('',#3627);
#1151=PLANE('',#3637);
#1152=PLANE('',#3638);
#1153=PLANE('',#3639);
#1154=PLANE('',#3642);
#1155=PLANE('',#3645);
#1156=PLANE('',#3648);
#1157=PLANE('',#3651);
#1158=PLANE('',#3654);
#1159=PLANE('',#3657);
#1160=PLANE('',#3660);
#1161=PLANE('',#3663);
#1162=PLANE('',#3666);
#1163=PLANE('',#3676);
#1164=PLANE('',#3677);
#1165=PLANE('',#3681);
#1166=PLANE('',#3684);
#1167=PLANE('',#3687);
#1168=PLANE('',#3690);
#1169=PLANE('',#3691);
#1170=PLANE('',#3694);
#1171=PLANE('',#3695);
#1172=PLANE('',#3696);
#1173=PLANE('',#3697);
#1174=PLANE('',#3700);
#1175=PLANE('',#3702);
#1176=PLANE('',#3703);
#1177=PLANE('',#3711);
#1178=PLANE('',#3712);
#1179=PLANE('',#3713);
#1180=PLANE('',#3714);
#1181=PLANE('',#3715);
#1182=PLANE('',#3716);
#1183=PLANE('',#3717);
#1184=PLANE('',#3718);
#1185=PLANE('',#3719);
#1186=PLANE('',#3720);
#1187=PLANE('',#3727);
#1188=PLANE('',#3728);
#1189=PLANE('',#3731);
#1190=PLANE('',#3732);
#1191=PLANE('',#3733);
#1192=PLANE('',#3734);
#1193=PLANE('',#3735);
#1194=PLANE('',#3736);
#1195=PLANE('',#3737);
#1196=PLANE('',#3738);
#1197=PLANE('',#3739);
#1198=PLANE('',#3740);
#1199=PLANE('',#3741);
#1200=PLANE('',#3742);
#1201=PLANE('',#3743);
#1202=PLANE('',#3744);
#1203=PLANE('',#3745);
#1204=PLANE('',#3746);
#1205=PLANE('',#3747);
#1206=PLANE('',#3748);
#1207=PLANE('',#3755);
#1208=PLANE('',#3759);
#1209=PLANE('',#3769);
#1210=PLANE('',#3775);
#1211=PLANE('',#3776);
#1212=PLANE('',#3779);
#1213=PLANE('',#3780);
#1214=PLANE('',#3781);
#1215=PLANE('',#3782);
#1216=PLANE('',#3783);
#1217=PLANE('',#3785);
#1218=PLANE('',#3786);
#1219=PLANE('',#3787);
#1220=PLANE('',#3788);
#1221=PLANE('',#3789);
#1222=PLANE('',#3790);
#1223=PLANE('',#3791);
#1224=PLANE('',#3792);
#1225=PLANE('',#3793);
#1226=PLANE('',#3797);
#1227=PLANE('',#3801);
#1228=PLANE('',#3804);
#1229=PLANE('',#3806);
#1230=PLANE('',#3807);
#1231=PLANE('',#3808);
#1232=PLANE('',#3809);
#1233=PLANE('',#3810);
#1234=PLANE('',#3811);
#1235=PLANE('',#3812);
#1236=PLANE('',#3815);
#1237=PLANE('',#3816);
#1238=PLANE('',#3817);
#1239=PLANE('',#3818);
#1240=PLANE('',#3819);
#1241=PLANE('',#3820);
#1242=PLANE('',#3821);
#1243=PLANE('',#3822);
#1244=PLANE('',#3823);
#1245=PLANE('',#3826);
#1246=PLANE('',#3827);
#1247=PLANE('',#3828);
#1248=PLANE('',#3829);
#1249=PLANE('',#3830);
#1250=FACE_OUTER_BOUND('',#1364,.T.);
#1251=FACE_OUTER_BOUND('',#1365,.T.);
#1252=FACE_OUTER_BOUND('',#1366,.T.);
#1253=FACE_OUTER_BOUND('',#1371,.T.);
#1254=FACE_OUTER_BOUND('',#1376,.T.);
#1255=FACE_OUTER_BOUND('',#1383,.T.);
#1256=FACE_OUTER_BOUND('',#1384,.T.);
#1257=FACE_OUTER_BOUND('',#1385,.T.);
#1258=FACE_OUTER_BOUND('',#1386,.T.);
#1259=FACE_OUTER_BOUND('',#1387,.T.);
#1260=FACE_OUTER_BOUND('',#1388,.T.);
#1261=FACE_OUTER_BOUND('',#1389,.T.);
#1262=FACE_OUTER_BOUND('',#1390,.T.);
#1263=FACE_OUTER_BOUND('',#1391,.T.);
#1264=FACE_OUTER_BOUND('',#1392,.T.);
#1265=FACE_OUTER_BOUND('',#1393,.T.);
#1266=FACE_OUTER_BOUND('',#1394,.T.);
#1267=FACE_OUTER_BOUND('',#1395,.T.);
#1268=FACE_OUTER_BOUND('',#1396,.T.);
#1269=FACE_OUTER_BOUND('',#1397,.T.);
#1270=FACE_OUTER_BOUND('',#1398,.T.);
#1271=FACE_OUTER_BOUND('',#1399,.T.);
#1272=FACE_OUTER_BOUND('',#1400,.T.);
#1273=FACE_OUTER_BOUND('',#1401,.T.);
#1274=FACE_OUTER_BOUND('',#1402,.T.);
#1275=FACE_OUTER_BOUND('',#1403,.T.);
#1276=FACE_OUTER_BOUND('',#1404,.T.);
#1277=FACE_OUTER_BOUND('',#1415,.T.);
#1278=FACE_OUTER_BOUND('',#1416,.T.);
#1279=FACE_OUTER_BOUND('',#1419,.T.);
#1280=FACE_OUTER_BOUND('',#1422,.T.);
#1281=FACE_OUTER_BOUND('',#1425,.T.);
#1282=FACE_OUTER_BOUND('',#1428,.T.);
#1283=FACE_OUTER_BOUND('',#1431,.T.);
#1284=FACE_OUTER_BOUND('',#1434,.T.);
#1285=FACE_OUTER_BOUND('',#1437,.T.);
#1286=FACE_OUTER_BOUND('',#1440,.T.);
#1287=FACE_OUTER_BOUND('',#1443,.T.);
#1288=FACE_OUTER_BOUND('',#1444,.T.);
#1289=FACE_OUTER_BOUND('',#1445,.T.);
#1290=FACE_OUTER_BOUND('',#1446,.T.);
#1291=FACE_OUTER_BOUND('',#1457,.T.);
#1292=FACE_OUTER_BOUND('',#1458,.T.);
#1293=FACE_OUTER_BOUND('',#1464,.T.);
#1294=FACE_OUTER_BOUND('',#1465,.T.);
#1295=FACE_OUTER_BOUND('',#1471,.T.);
#1296=FACE_OUTER_BOUND('',#1472,.T.);
#1297=FACE_OUTER_BOUND('',#1473,.T.);
#1298=FACE_OUTER_BOUND('',#1478,.T.);
#1299=FACE_OUTER_BOUND('',#1479,.T.);
#1300=FACE_OUTER_BOUND('',#1480,.T.);
#1301=FACE_OUTER_BOUND('',#1481,.T.);
#1302=FACE_OUTER_BOUND('',#1486,.T.);
#1303=FACE_OUTER_BOUND('',#1487,.T.);
#1304=FACE_OUTER_BOUND('',#1488,.T.);
#1305=FACE_OUTER_BOUND('',#1489,.T.);
#1306=FACE_OUTER_BOUND('',#1492,.T.);
#1307=FACE_OUTER_BOUND('',#1493,.T.);
#1308=FACE_OUTER_BOUND('',#1494,.T.);
#1309=FACE_OUTER_BOUND('',#1495,.T.);
#1310=FACE_OUTER_BOUND('',#1510,.T.);
#1311=FACE_OUTER_BOUND('',#1511,.T.);
#1312=FACE_OUTER_BOUND('',#1512,.T.);
#1313=FACE_OUTER_BOUND('',#1513,.T.);
#1314=FACE_OUTER_BOUND('',#1514,.T.);
#1315=FACE_OUTER_BOUND('',#1515,.T.);
#1316=FACE_OUTER_BOUND('',#1516,.T.);
#1317=FACE_OUTER_BOUND('',#1517,.T.);
#1318=FACE_OUTER_BOUND('',#1520,.T.);
#1319=FACE_OUTER_BOUND('',#1521,.T.);
#1320=FACE_OUTER_BOUND('',#1522,.T.);
#1321=FACE_OUTER_BOUND('',#1523,.T.);
#1322=FACE_OUTER_BOUND('',#1526,.T.);
#1323=FACE_OUTER_BOUND('',#1527,.T.);
#1324=FACE_OUTER_BOUND('',#1528,.T.);
#1325=FACE_OUTER_BOUND('',#1529,.T.);
#1326=FACE_OUTER_BOUND('',#1560,.T.);
#1327=FACE_OUTER_BOUND('',#1561,.T.);
#1328=FACE_OUTER_BOUND('',#1562,.T.);
#1329=FACE_OUTER_BOUND('',#1563,.T.);
#1330=FACE_OUTER_BOUND('',#1564,.T.);
#1331=FACE_OUTER_BOUND('',#1567,.T.);
#1332=FACE_OUTER_BOUND('',#1568,.T.);
#1333=FACE_OUTER_BOUND('',#1569,.T.);
#1334=FACE_OUTER_BOUND('',#1570,.T.);
#1335=FACE_OUTER_BOUND('',#1571,.T.);
#1336=FACE_OUTER_BOUND('',#1572,.T.);
#1337=FACE_OUTER_BOUND('',#1573,.T.);
#1338=FACE_OUTER_BOUND('',#1574,.T.);
#1339=FACE_OUTER_BOUND('',#1581,.T.);
#1340=FACE_OUTER_BOUND('',#1584,.T.);
#1341=FACE_OUTER_BOUND('',#1585,.T.);
#1342=FACE_OUTER_BOUND('',#1586,.T.);
#1343=FACE_OUTER_BOUND('',#1587,.T.);
#1344=FACE_OUTER_BOUND('',#1588,.T.);
#1345=FACE_OUTER_BOUND('',#1589,.T.);
#1346=FACE_OUTER_BOUND('',#1590,.T.);
#1347=FACE_OUTER_BOUND('',#1591,.T.);
#1348=FACE_OUTER_BOUND('',#1592,.T.);
#1349=FACE_OUTER_BOUND('',#1593,.T.);
#1350=FACE_OUTER_BOUND('',#1594,.T.);
#1351=FACE_OUTER_BOUND('',#1595,.T.);
#1352=FACE_OUTER_BOUND('',#1596,.T.);
#1353=FACE_OUTER_BOUND('',#1597,.T.);
#1354=FACE_OUTER_BOUND('',#1598,.T.);
#1355=FACE_OUTER_BOUND('',#1599,.T.);
#1356=FACE_OUTER_BOUND('',#1600,.T.);
#1357=FACE_OUTER_BOUND('',#1601,.T.);
#1358=FACE_OUTER_BOUND('',#1602,.T.);
#1359=FACE_OUTER_BOUND('',#1603,.T.);
#1360=FACE_OUTER_BOUND('',#1604,.T.);
#1361=FACE_OUTER_BOUND('',#1605,.T.);
#1362=FACE_OUTER_BOUND('',#1606,.T.);
#1363=FACE_OUTER_BOUND('',#1607,.T.);
#1364=EDGE_LOOP('',(#1608,#1609,#1610,#1611,#1612,#1613,#1614,#1615));
#1365=EDGE_LOOP('',(#1616,#1617,#1618,#1619,#1620,#1621,#1622,#1623));
#1366=EDGE_LOOP('',(#1624,#1625,#1626,#1627,#1628,#1629,#1630,#1631));
#1367=EDGE_LOOP('',(#1632,#1633,#1634,#1635));
#1368=EDGE_LOOP('',(#1636,#1637,#1638,#1639));
#1369=EDGE_LOOP('',(#1640,#1641,#1642,#1643));
#1370=EDGE_LOOP('',(#1644,#1645,#1646,#1647,#1648,#1649));
#1371=EDGE_LOOP('',(#1650,#1651,#1652,#1653));
#1372=EDGE_LOOP('',(#1654,#1655,#1656,#1657));
#1373=EDGE_LOOP('',(#1658,#1659,#1660,#1661));
#1374=EDGE_LOOP('',(#1662,#1663,#1664,#1665));
#1375=EDGE_LOOP('',(#1666,#1667,#1668,#1669,#1670,#1671));
#1376=EDGE_LOOP('',(#1672,#1673,#1674,#1675));
#1377=EDGE_LOOP('',(#1676,#1677,#1678,#1679));
#1378=EDGE_LOOP('',(#1680,#1681,#1682,#1683));
#1379=EDGE_LOOP('',(#1684,#1685,#1686,#1687,#1688));
#1380=EDGE_LOOP('',(#1689,#1690,#1691,#1692));
#1381=EDGE_LOOP('',(#1693,#1694,#1695,#1696));
#1382=EDGE_LOOP('',(#1697,#1698,#1699,#1700,#1701));
#1383=EDGE_LOOP('',(#1702,#1703,#1704,#1705,#1706,#1707,#1708,#1709));
#1384=EDGE_LOOP('',(#1710,#1711,#1712,#1713));
#1385=EDGE_LOOP('',(#1714,#1715,#1716,#1717));
#1386=EDGE_LOOP('',(#1718,#1719,#1720,#1721));
#1387=EDGE_LOOP('',(#1722,#1723,#1724,#1725));
#1388=EDGE_LOOP('',(#1726,#1727,#1728,#1729));
#1389=EDGE_LOOP('',(#1730,#1731,#1732,#1733));
#1390=EDGE_LOOP('',(#1734,#1735,#1736,#1737));
#1391=EDGE_LOOP('',(#1738,#1739,#1740,#1741));
#1392=EDGE_LOOP('',(#1742,#1743,#1744,#1745));
#1393=EDGE_LOOP('',(#1746,#1747,#1748,#1749));
#1394=EDGE_LOOP('',(#1750,#1751,#1752,#1753));
#1395=EDGE_LOOP('',(#1754,#1755,#1756,#1757));
#1396=EDGE_LOOP('',(#1758,#1759,#1760,#1761));
#1397=EDGE_LOOP('',(#1762,#1763,#1764,#1765));
#1398=EDGE_LOOP('',(#1766,#1767,#1768,#1769));
#1399=EDGE_LOOP('',(#1770,#1771,#1772,#1773));
#1400=EDGE_LOOP('',(#1774,#1775,#1776,#1777));
#1401=EDGE_LOOP('',(#1778,#1779,#1780,#1781));
#1402=EDGE_LOOP('',(#1782,#1783,#1784,#1785));
#1403=EDGE_LOOP('',(#1786,#1787,#1788,#1789));
#1404=EDGE_LOOP('',(#1790,#1791,#1792,#1793));
#1405=EDGE_LOOP('',(#1794));
#1406=EDGE_LOOP('',(#1795));
#1407=EDGE_LOOP('',(#1796));
#1408=EDGE_LOOP('',(#1797));
#1409=EDGE_LOOP('',(#1798));
#1410=EDGE_LOOP('',(#1799));
#1411=EDGE_LOOP('',(#1800));
#1412=EDGE_LOOP('',(#1801));
#1413=EDGE_LOOP('',(#1802));
#1414=EDGE_LOOP('',(#1803,#1804,#1805,#1806));
#1415=EDGE_LOOP('',(#1807,#1808,#1809,#1810));
#1416=EDGE_LOOP('',(#1811,#1812,#1813,#1814));
#1417=EDGE_LOOP('',(#1815));
#1418=EDGE_LOOP('',(#1816));
#1419=EDGE_LOOP('',(#1817));
#1420=EDGE_LOOP('',(#1818));
#1421=EDGE_LOOP('',(#1819));
#1422=EDGE_LOOP('',(#1820));
#1423=EDGE_LOOP('',(#1821));
#1424=EDGE_LOOP('',(#1822));
#1425=EDGE_LOOP('',(#1823));
#1426=EDGE_LOOP('',(#1824));
#1427=EDGE_LOOP('',(#1825));
#1428=EDGE_LOOP('',(#1826));
#1429=EDGE_LOOP('',(#1827));
#1430=EDGE_LOOP('',(#1828));
#1431=EDGE_LOOP('',(#1829));
#1432=EDGE_LOOP('',(#1830));
#1433=EDGE_LOOP('',(#1831));
#1434=EDGE_LOOP('',(#1832));
#1435=EDGE_LOOP('',(#1833));
#1436=EDGE_LOOP('',(#1834));
#1437=EDGE_LOOP('',(#1835));
#1438=EDGE_LOOP('',(#1836));
#1439=EDGE_LOOP('',(#1837));
#1440=EDGE_LOOP('',(#1838));
#1441=EDGE_LOOP('',(#1839));
#1442=EDGE_LOOP('',(#1840));
#1443=EDGE_LOOP('',(#1841));
#1444=EDGE_LOOP('',(#1842,#1843,#1844,#1845));
#1445=EDGE_LOOP('',(#1846,#1847,#1848,#1849));
#1446=EDGE_LOOP('',(#1850,#1851,#1852,#1853));
#1447=EDGE_LOOP('',(#1854));
#1448=EDGE_LOOP('',(#1855));
#1449=EDGE_LOOP('',(#1856));
#1450=EDGE_LOOP('',(#1857));
#1451=EDGE_LOOP('',(#1858,#1859,#1860,#1861,#1862,#1863));
#1452=EDGE_LOOP('',(#1864,#1865,#1866,#1867));
#1453=EDGE_LOOP('',(#1868,#1869,#1870,#1871,#1872,#1873));
#1454=EDGE_LOOP('',(#1874,#1875,#1876,#1877));
#1455=EDGE_LOOP('',(#1878));
#1456=EDGE_LOOP('',(#1879));
#1457=EDGE_LOOP('',(#1880,#1881,#1882,#1883));
#1458=EDGE_LOOP('',(#1884,#1885,#1886,#1887,#1888,#1889));
#1459=EDGE_LOOP('',(#1890));
#1460=EDGE_LOOP('',(#1891));
#1461=EDGE_LOOP('',(#1892));
#1462=EDGE_LOOP('',(#1893));
#1463=EDGE_LOOP('',(#1894,#1895,#1896,#1897,#1898,#1899,#1900,#1901));
#1464=EDGE_LOOP('',(#1902,#1903,#1904,#1905,#1906,#1907));
#1465=EDGE_LOOP('',(#1908,#1909,#1910,#1911,#1912,#1913,#1914,#1915));
#1466=EDGE_LOOP('',(#1916,#1917,#1918,#1919));
#1467=EDGE_LOOP('',(#1920,#1921,#1922,#1923));
#1468=EDGE_LOOP('',(#1924));
#1469=EDGE_LOOP('',(#1925));
#1470=EDGE_LOOP('',(#1926,#1927,#1928,#1929));
#1471=EDGE_LOOP('',(#1930,#1931,#1932,#1933));
#1472=EDGE_LOOP('',(#1934,#1935,#1936,#1937));
#1473=EDGE_LOOP('',(#1938,#1939,#1940,#1941,#1942,#1943,#1944,#1945,#1946,
#1947,#1948,#1949));
#1474=EDGE_LOOP('',(#1950));
#1475=EDGE_LOOP('',(#1951,#1952,#1953,#1954,#1955));
#1476=EDGE_LOOP('',(#1956));
#1477=EDGE_LOOP('',(#1957,#1958,#1959,#1960,#1961));
#1478=EDGE_LOOP('',(#1962,#1963,#1964,#1965));
#1479=EDGE_LOOP('',(#1966,#1967,#1968,#1969,#1970,#1971));
#1480=EDGE_LOOP('',(#1972,#1973,#1974,#1975));
#1481=EDGE_LOOP('',(#1976,#1977,#1978,#1979));
#1482=EDGE_LOOP('',(#1980));
#1483=EDGE_LOOP('',(#1981));
#1484=EDGE_LOOP('',(#1982,#1983,#1984,#1985));
#1485=EDGE_LOOP('',(#1986));
#1486=EDGE_LOOP('',(#1987,#1988,#1989,#1990));
#1487=EDGE_LOOP('',(#1991,#1992,#1993,#1994));
#1488=EDGE_LOOP('',(#1995,#1996,#1997,#1998));
#1489=EDGE_LOOP('',(#1999,#2000,#2001,#2002));
#1490=EDGE_LOOP('',(#2003,#2004,#2005,#2006));
#1491=EDGE_LOOP('',(#2007));
#1492=EDGE_LOOP('',(#2008,#2009,#2010,#2011));
#1493=EDGE_LOOP('',(#2012,#2013,#2014,#2015));
#1494=EDGE_LOOP('',(#2016,#2017,#2018,#2019));
#1495=EDGE_LOOP('',(#2020,#2021,#2022,#2023));
#1496=EDGE_LOOP('',(#2024));
#1497=EDGE_LOOP('',(#2025));
#1498=EDGE_LOOP('',(#2026));
#1499=EDGE_LOOP('',(#2027));
#1500=EDGE_LOOP('',(#2028,#2029,#2030,#2031));
#1501=EDGE_LOOP('',(#2032));
#1502=EDGE_LOOP('',(#2033));
#1503=EDGE_LOOP('',(#2034,#2035,#2036,#2037));
#1504=EDGE_LOOP('',(#2038));
#1505=EDGE_LOOP('',(#2039));
#1506=EDGE_LOOP('',(#2040));
#1507=EDGE_LOOP('',(#2041));
#1508=EDGE_LOOP('',(#2042));
#1509=EDGE_LOOP('',(#2043));
#1510=EDGE_LOOP('',(#2044,#2045,#2046,#2047));
#1511=EDGE_LOOP('',(#2048,#2049,#2050,#2051));
#1512=EDGE_LOOP('',(#2052,#2053,#2054,#2055));
#1513=EDGE_LOOP('',(#2056,#2057,#2058));
#1514=EDGE_LOOP('',(#2059,#2060,#2061,#2062));
#1515=EDGE_LOOP('',(#2063,#2064,#2065,#2066));
#1516=EDGE_LOOP('',(#2067,#2068,#2069));
#1517=EDGE_LOOP('',(#2070,#2071,#2072,#2073));
#1518=EDGE_LOOP('',(#2074,#2075,#2076,#2077));
#1519=EDGE_LOOP('',(#2078));
#1520=EDGE_LOOP('',(#2079,#2080,#2081,#2082));
#1521=EDGE_LOOP('',(#2083,#2084,#2085,#2086));
#1522=EDGE_LOOP('',(#2087,#2088,#2089,#2090));
#1523=EDGE_LOOP('',(#2091,#2092,#2093,#2094));
#1524=EDGE_LOOP('',(#2095,#2096,#2097,#2098));
#1525=EDGE_LOOP('',(#2099));
#1526=EDGE_LOOP('',(#2100,#2101,#2102,#2103));
#1527=EDGE_LOOP('',(#2104,#2105,#2106,#2107));
#1528=EDGE_LOOP('',(#2108,#2109,#2110,#2111));
#1529=EDGE_LOOP('',(#2112,#2113,#2114,#2115));
#1530=EDGE_LOOP('',(#2116));
#1531=EDGE_LOOP('',(#2117));
#1532=EDGE_LOOP('',(#2118));
#1533=EDGE_LOOP('',(#2119));
#1534=EDGE_LOOP('',(#2120));
#1535=EDGE_LOOP('',(#2121));
#1536=EDGE_LOOP('',(#2122));
#1537=EDGE_LOOP('',(#2123));
#1538=EDGE_LOOP('',(#2124));
#1539=EDGE_LOOP('',(#2125));
#1540=EDGE_LOOP('',(#2126));
#1541=EDGE_LOOP('',(#2127));
#1542=EDGE_LOOP('',(#2128));
#1543=EDGE_LOOP('',(#2129));
#1544=EDGE_LOOP('',(#2130));
#1545=EDGE_LOOP('',(#2131));
#1546=EDGE_LOOP('',(#2132));
#1547=EDGE_LOOP('',(#2133));
#1548=EDGE_LOOP('',(#2134));
#1549=EDGE_LOOP('',(#2135));
#1550=EDGE_LOOP('',(#2136));
#1551=EDGE_LOOP('',(#2137));
#1552=EDGE_LOOP('',(#2138));
#1553=EDGE_LOOP('',(#2139));
#1554=EDGE_LOOP('',(#2140));
#1555=EDGE_LOOP('',(#2141));
#1556=EDGE_LOOP('',(#2142));
#1557=EDGE_LOOP('',(#2143));
#1558=EDGE_LOOP('',(#2144));
#1559=EDGE_LOOP('',(#2145));
#1560=EDGE_LOOP('',(#2146,#2147,#2148,#2149,#2150,#2151,#2152,#2153,#2154,
#2155,#2156,#2157));
#1561=EDGE_LOOP('',(#2158,#2159,#2160,#2161));
#1562=EDGE_LOOP('',(#2162,#2163,#2164,#2165,#2166,#2167,#2168,#2169));
#1563=EDGE_LOOP('',(#2170,#2171,#2172,#2173));
#1564=EDGE_LOOP('',(#2174,#2175,#2176,#2177,#2178,#2179,#2180,#2181));
#1565=EDGE_LOOP('',(#2182));
#1566=EDGE_LOOP('',(#2183,#2184,#2185,#2186));
#1567=EDGE_LOOP('',(#2187,#2188,#2189,#2190));
#1568=EDGE_LOOP('',(#2191,#2192,#2193,#2194));
#1569=EDGE_LOOP('',(#2195,#2196,#2197,#2198));
#1570=EDGE_LOOP('',(#2199,#2200,#2201,#2202));
#1571=EDGE_LOOP('',(#2203,#2204,#2205,#2206));
#1572=EDGE_LOOP('',(#2207,#2208,#2209,#2210));
#1573=EDGE_LOOP('',(#2211,#2212,#2213,#2214));
#1574=EDGE_LOOP('',(#2215,#2216,#2217,#2218));
#1575=EDGE_LOOP('',(#2219));
#1576=EDGE_LOOP('',(#2220));
#1577=EDGE_LOOP('',(#2221));
#1578=EDGE_LOOP('',(#2222));
#1579=EDGE_LOOP('',(#2223));
#1580=EDGE_LOOP('',(#2224));
#1581=EDGE_LOOP('',(#2225));
#1582=EDGE_LOOP('',(#2226));
#1583=EDGE_LOOP('',(#2227));
#1584=EDGE_LOOP('',(#2228,#2229,#2230,#2231,#2232,#2233,#2234,#2235));
#1585=EDGE_LOOP('',(#2236,#2237,#2238,#2239,#2240,#2241,#2242,#2243));
#1586=EDGE_LOOP('',(#2244,#2245,#2246,#2247));
#1587=EDGE_LOOP('',(#2248,#2249,#2250,#2251));
#1588=EDGE_LOOP('',(#2252,#2253,#2254,#2255));
#1589=EDGE_LOOP('',(#2256,#2257,#2258,#2259));
#1590=EDGE_LOOP('',(#2260,#2261,#2262,#2263));
#1591=EDGE_LOOP('',(#2264,#2265,#2266,#2267));
#1592=EDGE_LOOP('',(#2268,#2269,#2270,#2271));
#1593=EDGE_LOOP('',(#2272,#2273,#2274,#2275));
#1594=EDGE_LOOP('',(#2276,#2277,#2278,#2279));
#1595=EDGE_LOOP('',(#2280,#2281,#2282,#2283));
#1596=EDGE_LOOP('',(#2284,#2285,#2286,#2287,#2288,#2289,#2290,#2291,#2292,
#2293));
#1597=EDGE_LOOP('',(#2294,#2295,#2296,#2297));
#1598=EDGE_LOOP('',(#2298,#2299,#2300,#2301,#2302,#2303,#2304,#2305,#2306,
#2307));
#1599=EDGE_LOOP('',(#2308,#2309,#2310,#2311));
#1600=EDGE_LOOP('',(#2312,#2313,#2314,#2315));
#1601=EDGE_LOOP('',(#2316,#2317,#2318,#2319));
#1602=EDGE_LOOP('',(#2320,#2321,#2322,#2323));
#1603=EDGE_LOOP('',(#2324,#2325,#2326,#2327));
#1604=EDGE_LOOP('',(#2328,#2329,#2330,#2331,#2332,#2333,#2334,#2335,#2336,
#2337,#2338,#2339,#2340,#2341,#2342,#2343,#2344,#2345,#2346,#2347));
#1605=EDGE_LOOP('',(#2348,#2349,#2350,#2351));
#1606=EDGE_LOOP('',(#2352,#2353,#2354,#2355));
#1607=EDGE_LOOP('',(#2356,#2357,#2358,#2359));
#1608=ORIENTED_EDGE('',*,*,#2626,.F.);
#1609=ORIENTED_EDGE('',*,*,#2627,.F.);
#1610=ORIENTED_EDGE('',*,*,#2628,.T.);
#1611=ORIENTED_EDGE('',*,*,#2629,.T.);
#1612=ORIENTED_EDGE('',*,*,#2630,.F.);
#1613=ORIENTED_EDGE('',*,*,#2631,.T.);
#1614=ORIENTED_EDGE('',*,*,#2632,.T.);
#1615=ORIENTED_EDGE('',*,*,#2633,.T.);
#1616=ORIENTED_EDGE('',*,*,#2634,.F.);
#1617=ORIENTED_EDGE('',*,*,#2635,.T.);
#1618=ORIENTED_EDGE('',*,*,#2636,.F.);
#1619=ORIENTED_EDGE('',*,*,#2637,.F.);
#1620=ORIENTED_EDGE('',*,*,#2638,.T.);
#1621=ORIENTED_EDGE('',*,*,#2639,.T.);
#1622=ORIENTED_EDGE('',*,*,#2640,.T.);
#1623=ORIENTED_EDGE('',*,*,#2641,.T.);
#1624=ORIENTED_EDGE('',*,*,#2642,.F.);
#1625=ORIENTED_EDGE('',*,*,#2643,.T.);
#1626=ORIENTED_EDGE('',*,*,#2644,.F.);
#1627=ORIENTED_EDGE('',*,*,#2645,.F.);
#1628=ORIENTED_EDGE('',*,*,#2646,.F.);
#1629=ORIENTED_EDGE('',*,*,#2647,.T.);
#1630=ORIENTED_EDGE('',*,*,#2648,.F.);
#1631=ORIENTED_EDGE('',*,*,#2631,.F.);
#1632=ORIENTED_EDGE('',*,*,#2649,.T.);
#1633=ORIENTED_EDGE('',*,*,#2650,.T.);
#1634=ORIENTED_EDGE('',*,*,#2651,.T.);
#1635=ORIENTED_EDGE('',*,*,#2652,.T.);
#1636=ORIENTED_EDGE('',*,*,#2653,.T.);
#1637=ORIENTED_EDGE('',*,*,#2654,.T.);
#1638=ORIENTED_EDGE('',*,*,#2655,.T.);
#1639=ORIENTED_EDGE('',*,*,#2656,.T.);
#1640=ORIENTED_EDGE('',*,*,#2657,.T.);
#1641=ORIENTED_EDGE('',*,*,#2658,.T.);
#1642=ORIENTED_EDGE('',*,*,#2659,.T.);
#1643=ORIENTED_EDGE('',*,*,#2660,.T.);
#1644=ORIENTED_EDGE('',*,*,#2640,.F.);
#1645=ORIENTED_EDGE('',*,*,#2661,.T.);
#1646=ORIENTED_EDGE('',*,*,#2646,.T.);
#1647=ORIENTED_EDGE('',*,*,#2662,.T.);
#1648=ORIENTED_EDGE('',*,*,#2663,.F.);
#1649=ORIENTED_EDGE('',*,*,#2664,.T.);
#1650=ORIENTED_EDGE('',*,*,#2665,.F.);
#1651=ORIENTED_EDGE('',*,*,#2662,.F.);
#1652=ORIENTED_EDGE('',*,*,#2645,.T.);
#1653=ORIENTED_EDGE('',*,*,#2666,.T.);
#1654=ORIENTED_EDGE('',*,*,#2667,.T.);
#1655=ORIENTED_EDGE('',*,*,#2668,.T.);
#1656=ORIENTED_EDGE('',*,*,#2669,.T.);
#1657=ORIENTED_EDGE('',*,*,#2670,.T.);
#1658=ORIENTED_EDGE('',*,*,#2671,.T.);
#1659=ORIENTED_EDGE('',*,*,#2672,.T.);
#1660=ORIENTED_EDGE('',*,*,#2673,.T.);
#1661=ORIENTED_EDGE('',*,*,#2674,.T.);
#1662=ORIENTED_EDGE('',*,*,#2675,.T.);
#1663=ORIENTED_EDGE('',*,*,#2676,.T.);
#1664=ORIENTED_EDGE('',*,*,#2677,.T.);
#1665=ORIENTED_EDGE('',*,*,#2678,.T.);
#1666=ORIENTED_EDGE('',*,*,#2644,.T.);
#1667=ORIENTED_EDGE('',*,*,#2679,.T.);
#1668=ORIENTED_EDGE('',*,*,#2634,.T.);
#1669=ORIENTED_EDGE('',*,*,#2680,.T.);
#1670=ORIENTED_EDGE('',*,*,#2681,.F.);
#1671=ORIENTED_EDGE('',*,*,#2666,.F.);
#1672=ORIENTED_EDGE('',*,*,#2681,.T.);
#1673=ORIENTED_EDGE('',*,*,#2682,.T.);
#1674=ORIENTED_EDGE('',*,*,#2663,.T.);
#1675=ORIENTED_EDGE('',*,*,#2665,.T.);
#1676=ORIENTED_EDGE('',*,*,#2683,.F.);
#1677=ORIENTED_EDGE('',*,*,#2684,.F.);
#1678=ORIENTED_EDGE('',*,*,#2685,.F.);
#1679=ORIENTED_EDGE('',*,*,#2686,.F.);
#1680=ORIENTED_EDGE('',*,*,#2687,.F.);
#1681=ORIENTED_EDGE('',*,*,#2688,.F.);
#1682=ORIENTED_EDGE('',*,*,#2689,.F.);
#1683=ORIENTED_EDGE('',*,*,#2690,.F.);
#1684=ORIENTED_EDGE('',*,*,#2648,.T.);
#1685=ORIENTED_EDGE('',*,*,#2691,.T.);
#1686=ORIENTED_EDGE('',*,*,#2638,.F.);
#1687=ORIENTED_EDGE('',*,*,#2692,.T.);
#1688=ORIENTED_EDGE('',*,*,#2632,.F.);
#1689=ORIENTED_EDGE('',*,*,#2693,.F.);
#1690=ORIENTED_EDGE('',*,*,#2694,.F.);
#1691=ORIENTED_EDGE('',*,*,#2695,.F.);
#1692=ORIENTED_EDGE('',*,*,#2696,.F.);
#1693=ORIENTED_EDGE('',*,*,#2697,.F.);
#1694=ORIENTED_EDGE('',*,*,#2698,.F.);
#1695=ORIENTED_EDGE('',*,*,#2699,.F.);
#1696=ORIENTED_EDGE('',*,*,#2700,.F.);
#1697=ORIENTED_EDGE('',*,*,#2636,.T.);
#1698=ORIENTED_EDGE('',*,*,#2701,.T.);
#1699=ORIENTED_EDGE('',*,*,#2642,.T.);
#1700=ORIENTED_EDGE('',*,*,#2630,.T.);
#1701=ORIENTED_EDGE('',*,*,#2702,.T.);
#1702=ORIENTED_EDGE('',*,*,#2703,.F.);
#1703=ORIENTED_EDGE('',*,*,#2633,.F.);
#1704=ORIENTED_EDGE('',*,*,#2692,.F.);
#1705=ORIENTED_EDGE('',*,*,#2637,.T.);
#1706=ORIENTED_EDGE('',*,*,#2702,.F.);
#1707=ORIENTED_EDGE('',*,*,#2629,.F.);
#1708=ORIENTED_EDGE('',*,*,#2704,.F.);
#1709=ORIENTED_EDGE('',*,*,#2705,.F.);
#1710=ORIENTED_EDGE('',*,*,#2706,.F.);
#1711=ORIENTED_EDGE('',*,*,#2700,.T.);
#1712=ORIENTED_EDGE('',*,*,#2707,.T.);
#1713=ORIENTED_EDGE('',*,*,#2677,.F.);
#1714=ORIENTED_EDGE('',*,*,#2707,.F.);
#1715=ORIENTED_EDGE('',*,*,#2699,.T.);
#1716=ORIENTED_EDGE('',*,*,#2708,.T.);
#1717=ORIENTED_EDGE('',*,*,#2678,.F.);
#1718=ORIENTED_EDGE('',*,*,#2708,.F.);
#1719=ORIENTED_EDGE('',*,*,#2698,.T.);
#1720=ORIENTED_EDGE('',*,*,#2709,.T.);
#1721=ORIENTED_EDGE('',*,*,#2675,.F.);
#1722=ORIENTED_EDGE('',*,*,#2709,.F.);
#1723=ORIENTED_EDGE('',*,*,#2697,.T.);
#1724=ORIENTED_EDGE('',*,*,#2706,.T.);
#1725=ORIENTED_EDGE('',*,*,#2676,.F.);
#1726=ORIENTED_EDGE('',*,*,#2710,.F.);
#1727=ORIENTED_EDGE('',*,*,#2696,.T.);
#1728=ORIENTED_EDGE('',*,*,#2711,.T.);
#1729=ORIENTED_EDGE('',*,*,#2673,.F.);
#1730=ORIENTED_EDGE('',*,*,#2711,.F.);
#1731=ORIENTED_EDGE('',*,*,#2695,.T.);
#1732=ORIENTED_EDGE('',*,*,#2712,.T.);
#1733=ORIENTED_EDGE('',*,*,#2674,.F.);
#1734=ORIENTED_EDGE('',*,*,#2712,.F.);
#1735=ORIENTED_EDGE('',*,*,#2694,.T.);
#1736=ORIENTED_EDGE('',*,*,#2713,.T.);
#1737=ORIENTED_EDGE('',*,*,#2671,.F.);
#1738=ORIENTED_EDGE('',*,*,#2713,.F.);
#1739=ORIENTED_EDGE('',*,*,#2693,.T.);
#1740=ORIENTED_EDGE('',*,*,#2710,.T.);
#1741=ORIENTED_EDGE('',*,*,#2672,.F.);
#1742=ORIENTED_EDGE('',*,*,#2687,.T.);
#1743=ORIENTED_EDGE('',*,*,#2714,.F.);
#1744=ORIENTED_EDGE('',*,*,#2658,.F.);
#1745=ORIENTED_EDGE('',*,*,#2715,.T.);
#1746=ORIENTED_EDGE('',*,*,#2690,.T.);
#1747=ORIENTED_EDGE('',*,*,#2716,.F.);
#1748=ORIENTED_EDGE('',*,*,#2659,.F.);
#1749=ORIENTED_EDGE('',*,*,#2714,.T.);
#1750=ORIENTED_EDGE('',*,*,#2689,.T.);
#1751=ORIENTED_EDGE('',*,*,#2717,.F.);
#1752=ORIENTED_EDGE('',*,*,#2660,.F.);
#1753=ORIENTED_EDGE('',*,*,#2716,.T.);
#1754=ORIENTED_EDGE('',*,*,#2688,.T.);
#1755=ORIENTED_EDGE('',*,*,#2715,.F.);
#1756=ORIENTED_EDGE('',*,*,#2657,.F.);
#1757=ORIENTED_EDGE('',*,*,#2717,.T.);
#1758=ORIENTED_EDGE('',*,*,#2683,.T.);
#1759=ORIENTED_EDGE('',*,*,#2718,.F.);
#1760=ORIENTED_EDGE('',*,*,#2654,.F.);
#1761=ORIENTED_EDGE('',*,*,#2719,.T.);
#1762=ORIENTED_EDGE('',*,*,#2686,.T.);
#1763=ORIENTED_EDGE('',*,*,#2720,.F.);
#1764=ORIENTED_EDGE('',*,*,#2655,.F.);
#1765=ORIENTED_EDGE('',*,*,#2718,.T.);
#1766=ORIENTED_EDGE('',*,*,#2685,.T.);
#1767=ORIENTED_EDGE('',*,*,#2721,.F.);
#1768=ORIENTED_EDGE('',*,*,#2656,.F.);
#1769=ORIENTED_EDGE('',*,*,#2720,.T.);
#1770=ORIENTED_EDGE('',*,*,#2684,.T.);
#1771=ORIENTED_EDGE('',*,*,#2719,.F.);
#1772=ORIENTED_EDGE('',*,*,#2653,.F.);
#1773=ORIENTED_EDGE('',*,*,#2721,.T.);
#1774=ORIENTED_EDGE('',*,*,#2722,.F.);
#1775=ORIENTED_EDGE('',*,*,#2650,.F.);
#1776=ORIENTED_EDGE('',*,*,#2723,.T.);
#1777=ORIENTED_EDGE('',*,*,#2668,.F.);
#1778=ORIENTED_EDGE('',*,*,#2724,.F.);
#1779=ORIENTED_EDGE('',*,*,#2651,.F.);
#1780=ORIENTED_EDGE('',*,*,#2722,.T.);
#1781=ORIENTED_EDGE('',*,*,#2667,.F.);
#1782=ORIENTED_EDGE('',*,*,#2725,.F.);
#1783=ORIENTED_EDGE('',*,*,#2652,.F.);
#1784=ORIENTED_EDGE('',*,*,#2724,.T.);
#1785=ORIENTED_EDGE('',*,*,#2670,.F.);
#1786=ORIENTED_EDGE('',*,*,#2723,.F.);
#1787=ORIENTED_EDGE('',*,*,#2649,.F.);
#1788=ORIENTED_EDGE('',*,*,#2725,.T.);
#1789=ORIENTED_EDGE('',*,*,#2669,.F.);
#1790=ORIENTED_EDGE('',*,*,#2703,.T.);
#1791=ORIENTED_EDGE('',*,*,#2726,.F.);
#1792=ORIENTED_EDGE('',*,*,#2727,.F.);
#1793=ORIENTED_EDGE('',*,*,#2626,.T.);
#1794=ORIENTED_EDGE('',*,*,#2728,.F.);
#1795=ORIENTED_EDGE('',*,*,#2729,.F.);
#1796=ORIENTED_EDGE('',*,*,#2730,.F.);
#1797=ORIENTED_EDGE('',*,*,#2731,.F.);
#1798=ORIENTED_EDGE('',*,*,#2732,.F.);
#1799=ORIENTED_EDGE('',*,*,#2733,.F.);
#1800=ORIENTED_EDGE('',*,*,#2734,.F.);
#1801=ORIENTED_EDGE('',*,*,#2735,.F.);
#1802=ORIENTED_EDGE('',*,*,#2736,.F.);
#1803=ORIENTED_EDGE('',*,*,#2705,.T.);
#1804=ORIENTED_EDGE('',*,*,#2737,.F.);
#1805=ORIENTED_EDGE('',*,*,#2738,.F.);
#1806=ORIENTED_EDGE('',*,*,#2726,.T.);
#1807=ORIENTED_EDGE('',*,*,#2704,.T.);
#1808=ORIENTED_EDGE('',*,*,#2628,.F.);
#1809=ORIENTED_EDGE('',*,*,#2739,.F.);
#1810=ORIENTED_EDGE('',*,*,#2737,.T.);
#1811=ORIENTED_EDGE('',*,*,#2727,.T.);
#1812=ORIENTED_EDGE('',*,*,#2738,.T.);
#1813=ORIENTED_EDGE('',*,*,#2739,.T.);
#1814=ORIENTED_EDGE('',*,*,#2627,.T.);
#1815=ORIENTED_EDGE('',*,*,#2740,.F.);
#1816=ORIENTED_EDGE('',*,*,#2736,.T.);
#1817=ORIENTED_EDGE('',*,*,#2740,.T.);
#1818=ORIENTED_EDGE('',*,*,#2741,.F.);
#1819=ORIENTED_EDGE('',*,*,#2735,.T.);
#1820=ORIENTED_EDGE('',*,*,#2741,.T.);
#1821=ORIENTED_EDGE('',*,*,#2742,.F.);
#1822=ORIENTED_EDGE('',*,*,#2734,.T.);
#1823=ORIENTED_EDGE('',*,*,#2742,.T.);
#1824=ORIENTED_EDGE('',*,*,#2743,.F.);
#1825=ORIENTED_EDGE('',*,*,#2733,.T.);
#1826=ORIENTED_EDGE('',*,*,#2743,.T.);
#1827=ORIENTED_EDGE('',*,*,#2744,.F.);
#1828=ORIENTED_EDGE('',*,*,#2732,.T.);
#1829=ORIENTED_EDGE('',*,*,#2744,.T.);
#1830=ORIENTED_EDGE('',*,*,#2745,.F.);
#1831=ORIENTED_EDGE('',*,*,#2731,.T.);
#1832=ORIENTED_EDGE('',*,*,#2745,.T.);
#1833=ORIENTED_EDGE('',*,*,#2746,.F.);
#1834=ORIENTED_EDGE('',*,*,#2730,.T.);
#1835=ORIENTED_EDGE('',*,*,#2746,.T.);
#1836=ORIENTED_EDGE('',*,*,#2747,.F.);
#1837=ORIENTED_EDGE('',*,*,#2729,.T.);
#1838=ORIENTED_EDGE('',*,*,#2747,.T.);
#1839=ORIENTED_EDGE('',*,*,#2748,.F.);
#1840=ORIENTED_EDGE('',*,*,#2728,.T.);
#1841=ORIENTED_EDGE('',*,*,#2748,.T.);
#1842=ORIENTED_EDGE('',*,*,#2680,.F.);
#1843=ORIENTED_EDGE('',*,*,#2641,.F.);
#1844=ORIENTED_EDGE('',*,*,#2664,.F.);
#1845=ORIENTED_EDGE('',*,*,#2682,.F.);
#1846=ORIENTED_EDGE('',*,*,#2679,.F.);
#1847=ORIENTED_EDGE('',*,*,#2643,.F.);
#1848=ORIENTED_EDGE('',*,*,#2701,.F.);
#1849=ORIENTED_EDGE('',*,*,#2635,.F.);
#1850=ORIENTED_EDGE('',*,*,#2691,.F.);
#1851=ORIENTED_EDGE('',*,*,#2647,.F.);
#1852=ORIENTED_EDGE('',*,*,#2661,.F.);
#1853=ORIENTED_EDGE('',*,*,#2639,.F.);
#1854=ORIENTED_EDGE('',*,*,#2749,.T.);
#1855=ORIENTED_EDGE('',*,*,#2750,.F.);
#1856=ORIENTED_EDGE('',*,*,#2751,.T.);
#1857=ORIENTED_EDGE('',*,*,#2752,.F.);
#1858=ORIENTED_EDGE('',*,*,#2753,.F.);
#1859=ORIENTED_EDGE('',*,*,#2754,.F.);
#1860=ORIENTED_EDGE('',*,*,#2755,.F.);
#1861=ORIENTED_EDGE('',*,*,#2756,.F.);
#1862=ORIENTED_EDGE('',*,*,#2757,.T.);
#1863=ORIENTED_EDGE('',*,*,#2758,.T.);
#1864=ORIENTED_EDGE('',*,*,#2759,.T.);
#1865=ORIENTED_EDGE('',*,*,#2760,.T.);
#1866=ORIENTED_EDGE('',*,*,#2761,.T.);
#1867=ORIENTED_EDGE('',*,*,#2762,.T.);
#1868=ORIENTED_EDGE('',*,*,#2763,.F.);
#1869=ORIENTED_EDGE('',*,*,#2764,.F.);
#1870=ORIENTED_EDGE('',*,*,#2765,.T.);
#1871=ORIENTED_EDGE('',*,*,#2766,.T.);
#1872=ORIENTED_EDGE('',*,*,#2767,.F.);
#1873=ORIENTED_EDGE('',*,*,#2768,.F.);
#1874=ORIENTED_EDGE('',*,*,#2769,.F.);
#1875=ORIENTED_EDGE('',*,*,#2770,.F.);
#1876=ORIENTED_EDGE('',*,*,#2771,.F.);
#1877=ORIENTED_EDGE('',*,*,#2772,.F.);
#1878=ORIENTED_EDGE('',*,*,#2773,.T.);
#1879=ORIENTED_EDGE('',*,*,#2774,.T.);
#1880=ORIENTED_EDGE('',*,*,#2775,.T.);
#1881=ORIENTED_EDGE('',*,*,#2776,.T.);
#1882=ORIENTED_EDGE('',*,*,#2777,.F.);
#1883=ORIENTED_EDGE('',*,*,#2778,.T.);
#1884=ORIENTED_EDGE('',*,*,#2779,.T.);
#1885=ORIENTED_EDGE('',*,*,#2780,.T.);
#1886=ORIENTED_EDGE('',*,*,#2781,.F.);
#1887=ORIENTED_EDGE('',*,*,#2782,.F.);
#1888=ORIENTED_EDGE('',*,*,#2783,.F.);
#1889=ORIENTED_EDGE('',*,*,#2784,.F.);
#1890=ORIENTED_EDGE('',*,*,#2785,.F.);
#1891=ORIENTED_EDGE('',*,*,#2786,.F.);
#1892=ORIENTED_EDGE('',*,*,#2751,.F.);
#1893=ORIENTED_EDGE('',*,*,#2749,.F.);
#1894=ORIENTED_EDGE('',*,*,#2787,.F.);
#1895=ORIENTED_EDGE('',*,*,#2788,.T.);
#1896=ORIENTED_EDGE('',*,*,#2784,.T.);
#1897=ORIENTED_EDGE('',*,*,#2789,.F.);
#1898=ORIENTED_EDGE('',*,*,#2790,.T.);
#1899=ORIENTED_EDGE('',*,*,#2791,.T.);
#1900=ORIENTED_EDGE('',*,*,#2792,.T.);
#1901=ORIENTED_EDGE('',*,*,#2793,.F.);
#1902=ORIENTED_EDGE('',*,*,#2794,.F.);
#1903=ORIENTED_EDGE('',*,*,#2795,.T.);
#1904=ORIENTED_EDGE('',*,*,#2796,.T.);
#1905=ORIENTED_EDGE('',*,*,#2787,.T.);
#1906=ORIENTED_EDGE('',*,*,#2797,.F.);
#1907=ORIENTED_EDGE('',*,*,#2798,.T.);
#1908=ORIENTED_EDGE('',*,*,#2799,.F.);
#1909=ORIENTED_EDGE('',*,*,#2767,.T.);
#1910=ORIENTED_EDGE('',*,*,#2800,.T.);
#1911=ORIENTED_EDGE('',*,*,#2755,.T.);
#1912=ORIENTED_EDGE('',*,*,#2801,.F.);
#1913=ORIENTED_EDGE('',*,*,#2802,.F.);
#1914=ORIENTED_EDGE('',*,*,#2791,.F.);
#1915=ORIENTED_EDGE('',*,*,#2803,.T.);
#1916=ORIENTED_EDGE('',*,*,#2804,.F.);
#1917=ORIENTED_EDGE('',*,*,#2805,.F.);
#1918=ORIENTED_EDGE('',*,*,#2806,.F.);
#1919=ORIENTED_EDGE('',*,*,#2807,.F.);
#1920=ORIENTED_EDGE('',*,*,#2808,.F.);
#1921=ORIENTED_EDGE('',*,*,#2809,.F.);
#1922=ORIENTED_EDGE('',*,*,#2810,.F.);
#1923=ORIENTED_EDGE('',*,*,#2811,.F.);
#1924=ORIENTED_EDGE('',*,*,#2812,.F.);
#1925=ORIENTED_EDGE('',*,*,#2813,.F.);
#1926=ORIENTED_EDGE('',*,*,#2800,.F.);
#1927=ORIENTED_EDGE('',*,*,#2766,.F.);
#1928=ORIENTED_EDGE('',*,*,#2814,.T.);
#1929=ORIENTED_EDGE('',*,*,#2756,.T.);
#1930=ORIENTED_EDGE('',*,*,#2815,.F.);
#1931=ORIENTED_EDGE('',*,*,#2758,.F.);
#1932=ORIENTED_EDGE('',*,*,#2816,.T.);
#1933=ORIENTED_EDGE('',*,*,#2764,.T.);
#1934=ORIENTED_EDGE('',*,*,#2754,.T.);
#1935=ORIENTED_EDGE('',*,*,#2817,.T.);
#1936=ORIENTED_EDGE('',*,*,#2818,.F.);
#1937=ORIENTED_EDGE('',*,*,#2801,.T.);
#1938=ORIENTED_EDGE('',*,*,#2753,.T.);
#1939=ORIENTED_EDGE('',*,*,#2815,.T.);
#1940=ORIENTED_EDGE('',*,*,#2763,.T.);
#1941=ORIENTED_EDGE('',*,*,#2819,.F.);
#1942=ORIENTED_EDGE('',*,*,#2820,.F.);
#1943=ORIENTED_EDGE('',*,*,#2821,.T.);
#1944=ORIENTED_EDGE('',*,*,#2782,.T.);
#1945=ORIENTED_EDGE('',*,*,#2822,.T.);
#1946=ORIENTED_EDGE('',*,*,#2798,.F.);
#1947=ORIENTED_EDGE('',*,*,#2823,.T.);
#1948=ORIENTED_EDGE('',*,*,#2824,.T.);
#1949=ORIENTED_EDGE('',*,*,#2817,.F.);
#1950=ORIENTED_EDGE('',*,*,#2825,.F.);
#1951=ORIENTED_EDGE('',*,*,#2792,.F.);
#1952=ORIENTED_EDGE('',*,*,#2802,.T.);
#1953=ORIENTED_EDGE('',*,*,#2818,.T.);
#1954=ORIENTED_EDGE('',*,*,#2824,.F.);
#1955=ORIENTED_EDGE('',*,*,#2826,.T.);
#1956=ORIENTED_EDGE('',*,*,#2773,.F.);
#1957=ORIENTED_EDGE('',*,*,#2820,.T.);
#1958=ORIENTED_EDGE('',*,*,#2827,.T.);
#1959=ORIENTED_EDGE('',*,*,#2803,.F.);
#1960=ORIENTED_EDGE('',*,*,#2790,.F.);
#1961=ORIENTED_EDGE('',*,*,#2828,.T.);
#1962=ORIENTED_EDGE('',*,*,#2768,.T.);
#1963=ORIENTED_EDGE('',*,*,#2799,.T.);
#1964=ORIENTED_EDGE('',*,*,#2827,.F.);
#1965=ORIENTED_EDGE('',*,*,#2819,.T.);
#1966=ORIENTED_EDGE('',*,*,#2777,.T.);
#1967=ORIENTED_EDGE('',*,*,#2829,.T.);
#1968=ORIENTED_EDGE('',*,*,#2794,.T.);
#1969=ORIENTED_EDGE('',*,*,#2822,.F.);
#1970=ORIENTED_EDGE('',*,*,#2781,.T.);
#1971=ORIENTED_EDGE('',*,*,#2830,.T.);
#1972=ORIENTED_EDGE('',*,*,#2783,.T.);
#1973=ORIENTED_EDGE('',*,*,#2821,.F.);
#1974=ORIENTED_EDGE('',*,*,#2828,.F.);
#1975=ORIENTED_EDGE('',*,*,#2789,.T.);
#1976=ORIENTED_EDGE('',*,*,#2826,.F.);
#1977=ORIENTED_EDGE('',*,*,#2823,.F.);
#1978=ORIENTED_EDGE('',*,*,#2797,.T.);
#1979=ORIENTED_EDGE('',*,*,#2793,.T.);
#1980=ORIENTED_EDGE('',*,*,#2831,.T.);
#1981=ORIENTED_EDGE('',*,*,#2825,.T.);
#1982=ORIENTED_EDGE('',*,*,#2832,.T.);
#1983=ORIENTED_EDGE('',*,*,#2833,.T.);
#1984=ORIENTED_EDGE('',*,*,#2834,.T.);
#1985=ORIENTED_EDGE('',*,*,#2835,.T.);
#1986=ORIENTED_EDGE('',*,*,#2831,.F.);
#1987=ORIENTED_EDGE('',*,*,#2836,.T.);
#1988=ORIENTED_EDGE('',*,*,#2833,.F.);
#1989=ORIENTED_EDGE('',*,*,#2837,.F.);
#1990=ORIENTED_EDGE('',*,*,#2759,.F.);
#1991=ORIENTED_EDGE('',*,*,#2838,.T.);
#1992=ORIENTED_EDGE('',*,*,#2834,.F.);
#1993=ORIENTED_EDGE('',*,*,#2836,.F.);
#1994=ORIENTED_EDGE('',*,*,#2762,.F.);
#1995=ORIENTED_EDGE('',*,*,#2839,.T.);
#1996=ORIENTED_EDGE('',*,*,#2835,.F.);
#1997=ORIENTED_EDGE('',*,*,#2838,.F.);
#1998=ORIENTED_EDGE('',*,*,#2761,.F.);
#1999=ORIENTED_EDGE('',*,*,#2837,.T.);
#2000=ORIENTED_EDGE('',*,*,#2832,.F.);
#2001=ORIENTED_EDGE('',*,*,#2839,.F.);
#2002=ORIENTED_EDGE('',*,*,#2760,.F.);
#2003=ORIENTED_EDGE('',*,*,#2840,.F.);
#2004=ORIENTED_EDGE('',*,*,#2841,.F.);
#2005=ORIENTED_EDGE('',*,*,#2842,.F.);
#2006=ORIENTED_EDGE('',*,*,#2843,.F.);
#2007=ORIENTED_EDGE('',*,*,#2774,.F.);
#2008=ORIENTED_EDGE('',*,*,#2844,.F.);
#2009=ORIENTED_EDGE('',*,*,#2840,.T.);
#2010=ORIENTED_EDGE('',*,*,#2845,.T.);
#2011=ORIENTED_EDGE('',*,*,#2770,.T.);
#2012=ORIENTED_EDGE('',*,*,#2846,.F.);
#2013=ORIENTED_EDGE('',*,*,#2841,.T.);
#2014=ORIENTED_EDGE('',*,*,#2844,.T.);
#2015=ORIENTED_EDGE('',*,*,#2769,.T.);
#2016=ORIENTED_EDGE('',*,*,#2847,.F.);
#2017=ORIENTED_EDGE('',*,*,#2842,.T.);
#2018=ORIENTED_EDGE('',*,*,#2846,.T.);
#2019=ORIENTED_EDGE('',*,*,#2772,.T.);
#2020=ORIENTED_EDGE('',*,*,#2845,.F.);
#2021=ORIENTED_EDGE('',*,*,#2843,.T.);
#2022=ORIENTED_EDGE('',*,*,#2847,.T.);
#2023=ORIENTED_EDGE('',*,*,#2771,.T.);
#2024=ORIENTED_EDGE('',*,*,#2848,.T.);
#2025=ORIENTED_EDGE('',*,*,#2849,.F.);
#2026=ORIENTED_EDGE('',*,*,#2850,.T.);
#2027=ORIENTED_EDGE('',*,*,#2851,.F.);
#2028=ORIENTED_EDGE('',*,*,#2852,.T.);
#2029=ORIENTED_EDGE('',*,*,#2853,.T.);
#2030=ORIENTED_EDGE('',*,*,#2854,.T.);
#2031=ORIENTED_EDGE('',*,*,#2855,.T.);
#2032=ORIENTED_EDGE('',*,*,#2848,.F.);
#2033=ORIENTED_EDGE('',*,*,#2850,.F.);
#2034=ORIENTED_EDGE('',*,*,#2757,.F.);
#2035=ORIENTED_EDGE('',*,*,#2814,.F.);
#2036=ORIENTED_EDGE('',*,*,#2765,.F.);
#2037=ORIENTED_EDGE('',*,*,#2816,.F.);
#2038=ORIENTED_EDGE('',*,*,#2849,.T.);
#2039=ORIENTED_EDGE('',*,*,#2851,.T.);
#2040=ORIENTED_EDGE('',*,*,#2813,.T.);
#2041=ORIENTED_EDGE('',*,*,#2786,.T.);
#2042=ORIENTED_EDGE('',*,*,#2812,.T.);
#2043=ORIENTED_EDGE('',*,*,#2785,.T.);
#2044=ORIENTED_EDGE('',*,*,#2856,.F.);
#2045=ORIENTED_EDGE('',*,*,#2779,.F.);
#2046=ORIENTED_EDGE('',*,*,#2857,.F.);
#2047=ORIENTED_EDGE('',*,*,#2854,.F.);
#2048=ORIENTED_EDGE('',*,*,#2830,.F.);
#2049=ORIENTED_EDGE('',*,*,#2780,.F.);
#2050=ORIENTED_EDGE('',*,*,#2858,.F.);
#2051=ORIENTED_EDGE('',*,*,#2778,.F.);
#2052=ORIENTED_EDGE('',*,*,#2857,.T.);
#2053=ORIENTED_EDGE('',*,*,#2788,.F.);
#2054=ORIENTED_EDGE('',*,*,#2859,.F.);
#2055=ORIENTED_EDGE('',*,*,#2855,.F.);
#2056=ORIENTED_EDGE('',*,*,#2858,.T.);
#2057=ORIENTED_EDGE('',*,*,#2856,.T.);
#2058=ORIENTED_EDGE('',*,*,#2860,.F.);
#2059=ORIENTED_EDGE('',*,*,#2859,.T.);
#2060=ORIENTED_EDGE('',*,*,#2796,.F.);
#2061=ORIENTED_EDGE('',*,*,#2861,.F.);
#2062=ORIENTED_EDGE('',*,*,#2852,.F.);
#2063=ORIENTED_EDGE('',*,*,#2860,.T.);
#2064=ORIENTED_EDGE('',*,*,#2853,.F.);
#2065=ORIENTED_EDGE('',*,*,#2862,.F.);
#2066=ORIENTED_EDGE('',*,*,#2775,.F.);
#2067=ORIENTED_EDGE('',*,*,#2862,.T.);
#2068=ORIENTED_EDGE('',*,*,#2861,.T.);
#2069=ORIENTED_EDGE('',*,*,#2863,.F.);
#2070=ORIENTED_EDGE('',*,*,#2863,.T.);
#2071=ORIENTED_EDGE('',*,*,#2795,.F.);
#2072=ORIENTED_EDGE('',*,*,#2829,.F.);
#2073=ORIENTED_EDGE('',*,*,#2776,.F.);
#2074=ORIENTED_EDGE('',*,*,#2864,.F.);
#2075=ORIENTED_EDGE('',*,*,#2865,.F.);
#2076=ORIENTED_EDGE('',*,*,#2866,.F.);
#2077=ORIENTED_EDGE('',*,*,#2867,.F.);
#2078=ORIENTED_EDGE('',*,*,#2752,.T.);
#2079=ORIENTED_EDGE('',*,*,#2808,.T.);
#2080=ORIENTED_EDGE('',*,*,#2868,.T.);
#2081=ORIENTED_EDGE('',*,*,#2864,.T.);
#2082=ORIENTED_EDGE('',*,*,#2869,.F.);
#2083=ORIENTED_EDGE('',*,*,#2811,.T.);
#2084=ORIENTED_EDGE('',*,*,#2870,.T.);
#2085=ORIENTED_EDGE('',*,*,#2865,.T.);
#2086=ORIENTED_EDGE('',*,*,#2868,.F.);
#2087=ORIENTED_EDGE('',*,*,#2810,.T.);
#2088=ORIENTED_EDGE('',*,*,#2871,.T.);
#2089=ORIENTED_EDGE('',*,*,#2866,.T.);
#2090=ORIENTED_EDGE('',*,*,#2870,.F.);
#2091=ORIENTED_EDGE('',*,*,#2809,.T.);
#2092=ORIENTED_EDGE('',*,*,#2869,.T.);
#2093=ORIENTED_EDGE('',*,*,#2867,.T.);
#2094=ORIENTED_EDGE('',*,*,#2871,.F.);
#2095=ORIENTED_EDGE('',*,*,#2872,.F.);
#2096=ORIENTED_EDGE('',*,*,#2873,.F.);
#2097=ORIENTED_EDGE('',*,*,#2874,.F.);
#2098=ORIENTED_EDGE('',*,*,#2875,.F.);
#2099=ORIENTED_EDGE('',*,*,#2750,.T.);
#2100=ORIENTED_EDGE('',*,*,#2804,.T.);
#2101=ORIENTED_EDGE('',*,*,#2876,.T.);
#2102=ORIENTED_EDGE('',*,*,#2872,.T.);
#2103=ORIENTED_EDGE('',*,*,#2877,.F.);
#2104=ORIENTED_EDGE('',*,*,#2807,.T.);
#2105=ORIENTED_EDGE('',*,*,#2878,.T.);
#2106=ORIENTED_EDGE('',*,*,#2873,.T.);
#2107=ORIENTED_EDGE('',*,*,#2876,.F.);
#2108=ORIENTED_EDGE('',*,*,#2806,.T.);
#2109=ORIENTED_EDGE('',*,*,#2879,.T.);
#2110=ORIENTED_EDGE('',*,*,#2874,.T.);
#2111=ORIENTED_EDGE('',*,*,#2878,.F.);
#2112=ORIENTED_EDGE('',*,*,#2805,.T.);
#2113=ORIENTED_EDGE('',*,*,#2877,.T.);
#2114=ORIENTED_EDGE('',*,*,#2875,.T.);
#2115=ORIENTED_EDGE('',*,*,#2879,.F.);
#2116=ORIENTED_EDGE('',*,*,#2880,.F.);
#2117=ORIENTED_EDGE('',*,*,#2881,.T.);
#2118=ORIENTED_EDGE('',*,*,#2882,.T.);
#2119=ORIENTED_EDGE('',*,*,#2883,.F.);
#2120=ORIENTED_EDGE('',*,*,#2880,.T.);
#2121=ORIENTED_EDGE('',*,*,#2883,.T.);
#2122=ORIENTED_EDGE('',*,*,#2884,.T.);
#2123=ORIENTED_EDGE('',*,*,#2885,.T.);
#2124=ORIENTED_EDGE('',*,*,#2881,.F.);
#2125=ORIENTED_EDGE('',*,*,#2885,.F.);
#2126=ORIENTED_EDGE('',*,*,#2884,.F.);
#2127=ORIENTED_EDGE('',*,*,#2886,.F.);
#2128=ORIENTED_EDGE('',*,*,#2882,.F.);
#2129=ORIENTED_EDGE('',*,*,#2886,.T.);
#2130=ORIENTED_EDGE('',*,*,#2887,.F.);
#2131=ORIENTED_EDGE('',*,*,#2888,.T.);
#2132=ORIENTED_EDGE('',*,*,#2889,.T.);
#2133=ORIENTED_EDGE('',*,*,#2890,.F.);
#2134=ORIENTED_EDGE('',*,*,#2887,.T.);
#2135=ORIENTED_EDGE('',*,*,#2890,.T.);
#2136=ORIENTED_EDGE('',*,*,#2891,.T.);
#2137=ORIENTED_EDGE('',*,*,#2892,.T.);
#2138=ORIENTED_EDGE('',*,*,#2893,.T.);
#2139=ORIENTED_EDGE('',*,*,#2894,.T.);
#2140=ORIENTED_EDGE('',*,*,#2888,.F.);
#2141=ORIENTED_EDGE('',*,*,#2892,.F.);
#2142=ORIENTED_EDGE('',*,*,#2891,.F.);
#2143=ORIENTED_EDGE('',*,*,#2894,.F.);
#2144=ORIENTED_EDGE('',*,*,#2889,.F.);
#2145=ORIENTED_EDGE('',*,*,#2893,.F.);
#2146=ORIENTED_EDGE('',*,*,#2895,.F.);
#2147=ORIENTED_EDGE('',*,*,#2896,.F.);
#2148=ORIENTED_EDGE('',*,*,#2897,.F.);
#2149=ORIENTED_EDGE('',*,*,#2898,.F.);
#2150=ORIENTED_EDGE('',*,*,#2899,.F.);
#2151=ORIENTED_EDGE('',*,*,#2900,.F.);
#2152=ORIENTED_EDGE('',*,*,#2901,.F.);
#2153=ORIENTED_EDGE('',*,*,#2902,.F.);
#2154=ORIENTED_EDGE('',*,*,#2903,.F.);
#2155=ORIENTED_EDGE('',*,*,#2904,.F.);
#2156=ORIENTED_EDGE('',*,*,#2905,.F.);
#2157=ORIENTED_EDGE('',*,*,#2906,.F.);
#2158=ORIENTED_EDGE('',*,*,#2897,.T.);
#2159=ORIENTED_EDGE('',*,*,#2907,.F.);
#2160=ORIENTED_EDGE('',*,*,#2908,.F.);
#2161=ORIENTED_EDGE('',*,*,#2909,.T.);
#2162=ORIENTED_EDGE('',*,*,#2896,.T.);
#2163=ORIENTED_EDGE('',*,*,#2910,.F.);
#2164=ORIENTED_EDGE('',*,*,#2911,.F.);
#2165=ORIENTED_EDGE('',*,*,#2912,.T.);
#2166=ORIENTED_EDGE('',*,*,#2904,.T.);
#2167=ORIENTED_EDGE('',*,*,#2913,.F.);
#2168=ORIENTED_EDGE('',*,*,#2914,.F.);
#2169=ORIENTED_EDGE('',*,*,#2907,.T.);
#2170=ORIENTED_EDGE('',*,*,#2903,.T.);
#2171=ORIENTED_EDGE('',*,*,#2915,.F.);
#2172=ORIENTED_EDGE('',*,*,#2916,.F.);
#2173=ORIENTED_EDGE('',*,*,#2913,.T.);
#2174=ORIENTED_EDGE('',*,*,#2902,.T.);
#2175=ORIENTED_EDGE('',*,*,#2917,.F.);
#2176=ORIENTED_EDGE('',*,*,#2918,.F.);
#2177=ORIENTED_EDGE('',*,*,#2919,.T.);
#2178=ORIENTED_EDGE('',*,*,#2898,.T.);
#2179=ORIENTED_EDGE('',*,*,#2909,.F.);
#2180=ORIENTED_EDGE('',*,*,#2920,.F.);
#2181=ORIENTED_EDGE('',*,*,#2915,.T.);
#2182=ORIENTED_EDGE('',*,*,#2921,.F.);
#2183=ORIENTED_EDGE('',*,*,#2908,.T.);
#2184=ORIENTED_EDGE('',*,*,#2914,.T.);
#2185=ORIENTED_EDGE('',*,*,#2916,.T.);
#2186=ORIENTED_EDGE('',*,*,#2920,.T.);
#2187=ORIENTED_EDGE('',*,*,#2899,.T.);
#2188=ORIENTED_EDGE('',*,*,#2919,.F.);
#2189=ORIENTED_EDGE('',*,*,#2922,.F.);
#2190=ORIENTED_EDGE('',*,*,#2923,.T.);
#2191=ORIENTED_EDGE('',*,*,#2901,.T.);
#2192=ORIENTED_EDGE('',*,*,#2924,.F.);
#2193=ORIENTED_EDGE('',*,*,#2925,.F.);
#2194=ORIENTED_EDGE('',*,*,#2917,.T.);
#2195=ORIENTED_EDGE('',*,*,#2900,.T.);
#2196=ORIENTED_EDGE('',*,*,#2923,.F.);
#2197=ORIENTED_EDGE('',*,*,#2926,.F.);
#2198=ORIENTED_EDGE('',*,*,#2924,.T.);
#2199=ORIENTED_EDGE('',*,*,#2922,.T.);
#2200=ORIENTED_EDGE('',*,*,#2918,.T.);
#2201=ORIENTED_EDGE('',*,*,#2925,.T.);
#2202=ORIENTED_EDGE('',*,*,#2926,.T.);
#2203=ORIENTED_EDGE('',*,*,#2895,.T.);
#2204=ORIENTED_EDGE('',*,*,#2927,.F.);
#2205=ORIENTED_EDGE('',*,*,#2928,.F.);
#2206=ORIENTED_EDGE('',*,*,#2910,.T.);
#2207=ORIENTED_EDGE('',*,*,#2906,.T.);
#2208=ORIENTED_EDGE('',*,*,#2929,.F.);
#2209=ORIENTED_EDGE('',*,*,#2930,.F.);
#2210=ORIENTED_EDGE('',*,*,#2927,.T.);
#2211=ORIENTED_EDGE('',*,*,#2905,.T.);
#2212=ORIENTED_EDGE('',*,*,#2912,.F.);
#2213=ORIENTED_EDGE('',*,*,#2931,.F.);
#2214=ORIENTED_EDGE('',*,*,#2929,.T.);
#2215=ORIENTED_EDGE('',*,*,#2928,.T.);
#2216=ORIENTED_EDGE('',*,*,#2930,.T.);
#2217=ORIENTED_EDGE('',*,*,#2931,.T.);
#2218=ORIENTED_EDGE('',*,*,#2911,.T.);
#2219=ORIENTED_EDGE('',*,*,#2932,.F.);
#2220=ORIENTED_EDGE('',*,*,#2921,.T.);
#2221=ORIENTED_EDGE('',*,*,#2933,.F.);
#2222=ORIENTED_EDGE('',*,*,#2932,.T.);
#2223=ORIENTED_EDGE('',*,*,#2934,.T.);
#2224=ORIENTED_EDGE('',*,*,#2933,.T.);
#2225=ORIENTED_EDGE('',*,*,#2935,.T.);
#2226=ORIENTED_EDGE('',*,*,#2934,.F.);
#2227=ORIENTED_EDGE('',*,*,#2935,.F.);
#2228=ORIENTED_EDGE('',*,*,#2936,.T.);
#2229=ORIENTED_EDGE('',*,*,#2937,.T.);
#2230=ORIENTED_EDGE('',*,*,#2938,.T.);
#2231=ORIENTED_EDGE('',*,*,#2939,.T.);
#2232=ORIENTED_EDGE('',*,*,#2940,.T.);
#2233=ORIENTED_EDGE('',*,*,#2941,.T.);
#2234=ORIENTED_EDGE('',*,*,#2942,.T.);
#2235=ORIENTED_EDGE('',*,*,#2943,.T.);
#2236=ORIENTED_EDGE('',*,*,#2944,.T.);
#2237=ORIENTED_EDGE('',*,*,#2945,.T.);
#2238=ORIENTED_EDGE('',*,*,#2946,.T.);
#2239=ORIENTED_EDGE('',*,*,#2947,.T.);
#2240=ORIENTED_EDGE('',*,*,#2948,.T.);
#2241=ORIENTED_EDGE('',*,*,#2949,.T.);
#2242=ORIENTED_EDGE('',*,*,#2950,.T.);
#2243=ORIENTED_EDGE('',*,*,#2951,.T.);
#2244=ORIENTED_EDGE('',*,*,#2952,.T.);
#2245=ORIENTED_EDGE('',*,*,#2953,.F.);
#2246=ORIENTED_EDGE('',*,*,#2942,.F.);
#2247=ORIENTED_EDGE('',*,*,#2954,.T.);
#2248=ORIENTED_EDGE('',*,*,#2955,.T.);
#2249=ORIENTED_EDGE('',*,*,#2956,.F.);
#2250=ORIENTED_EDGE('',*,*,#2943,.F.);
#2251=ORIENTED_EDGE('',*,*,#2953,.T.);
#2252=ORIENTED_EDGE('',*,*,#2957,.F.);
#2253=ORIENTED_EDGE('',*,*,#2958,.T.);
#2254=ORIENTED_EDGE('',*,*,#2959,.T.);
#2255=ORIENTED_EDGE('',*,*,#2960,.T.);
#2256=ORIENTED_EDGE('',*,*,#2961,.T.);
#2257=ORIENTED_EDGE('',*,*,#2962,.F.);
#2258=ORIENTED_EDGE('',*,*,#2945,.F.);
#2259=ORIENTED_EDGE('',*,*,#2963,.T.);
#2260=ORIENTED_EDGE('',*,*,#2964,.T.);
#2261=ORIENTED_EDGE('',*,*,#2965,.F.);
#2262=ORIENTED_EDGE('',*,*,#2946,.F.);
#2263=ORIENTED_EDGE('',*,*,#2962,.T.);
#2264=ORIENTED_EDGE('',*,*,#2966,.T.);
#2265=ORIENTED_EDGE('',*,*,#2967,.F.);
#2266=ORIENTED_EDGE('',*,*,#2947,.F.);
#2267=ORIENTED_EDGE('',*,*,#2965,.T.);
#2268=ORIENTED_EDGE('',*,*,#2968,.T.);
#2269=ORIENTED_EDGE('',*,*,#2969,.F.);
#2270=ORIENTED_EDGE('',*,*,#2948,.F.);
#2271=ORIENTED_EDGE('',*,*,#2967,.T.);
#2272=ORIENTED_EDGE('',*,*,#2970,.T.);
#2273=ORIENTED_EDGE('',*,*,#2971,.F.);
#2274=ORIENTED_EDGE('',*,*,#2949,.F.);
#2275=ORIENTED_EDGE('',*,*,#2969,.T.);
#2276=ORIENTED_EDGE('',*,*,#2972,.T.);
#2277=ORIENTED_EDGE('',*,*,#2973,.F.);
#2278=ORIENTED_EDGE('',*,*,#2950,.F.);
#2279=ORIENTED_EDGE('',*,*,#2971,.T.);
#2280=ORIENTED_EDGE('',*,*,#2974,.T.);
#2281=ORIENTED_EDGE('',*,*,#2975,.F.);
#2282=ORIENTED_EDGE('',*,*,#2951,.F.);
#2283=ORIENTED_EDGE('',*,*,#2973,.T.);
#2284=ORIENTED_EDGE('',*,*,#2976,.F.);
#2285=ORIENTED_EDGE('',*,*,#2977,.T.);
#2286=ORIENTED_EDGE('',*,*,#2978,.F.);
#2287=ORIENTED_EDGE('',*,*,#2979,.T.);
#2288=ORIENTED_EDGE('',*,*,#2957,.T.);
#2289=ORIENTED_EDGE('',*,*,#2980,.T.);
#2290=ORIENTED_EDGE('',*,*,#2963,.F.);
#2291=ORIENTED_EDGE('',*,*,#2944,.F.);
#2292=ORIENTED_EDGE('',*,*,#2975,.T.);
#2293=ORIENTED_EDGE('',*,*,#2981,.T.);
#2294=ORIENTED_EDGE('',*,*,#2982,.F.);
#2295=ORIENTED_EDGE('',*,*,#2983,.T.);
#2296=ORIENTED_EDGE('',*,*,#2976,.T.);
#2297=ORIENTED_EDGE('',*,*,#2984,.T.);
#2298=ORIENTED_EDGE('',*,*,#2985,.F.);
#2299=ORIENTED_EDGE('',*,*,#2986,.T.);
#2300=ORIENTED_EDGE('',*,*,#2982,.T.);
#2301=ORIENTED_EDGE('',*,*,#2987,.T.);
#2302=ORIENTED_EDGE('',*,*,#2988,.F.);
#2303=ORIENTED_EDGE('',*,*,#2936,.F.);
#2304=ORIENTED_EDGE('',*,*,#2956,.T.);
#2305=ORIENTED_EDGE('',*,*,#2989,.T.);
#2306=ORIENTED_EDGE('',*,*,#2959,.F.);
#2307=ORIENTED_EDGE('',*,*,#2990,.T.);
#2308=ORIENTED_EDGE('',*,*,#2991,.T.);
#2309=ORIENTED_EDGE('',*,*,#2992,.F.);
#2310=ORIENTED_EDGE('',*,*,#2937,.F.);
#2311=ORIENTED_EDGE('',*,*,#2988,.T.);
#2312=ORIENTED_EDGE('',*,*,#2993,.T.);
#2313=ORIENTED_EDGE('',*,*,#2994,.F.);
#2314=ORIENTED_EDGE('',*,*,#2938,.F.);
#2315=ORIENTED_EDGE('',*,*,#2992,.T.);
#2316=ORIENTED_EDGE('',*,*,#2995,.T.);
#2317=ORIENTED_EDGE('',*,*,#2996,.F.);
#2318=ORIENTED_EDGE('',*,*,#2939,.F.);
#2319=ORIENTED_EDGE('',*,*,#2994,.T.);
#2320=ORIENTED_EDGE('',*,*,#2997,.T.);
#2321=ORIENTED_EDGE('',*,*,#2998,.F.);
#2322=ORIENTED_EDGE('',*,*,#2940,.F.);
#2323=ORIENTED_EDGE('',*,*,#2996,.T.);
#2324=ORIENTED_EDGE('',*,*,#2999,.T.);
#2325=ORIENTED_EDGE('',*,*,#2954,.F.);
#2326=ORIENTED_EDGE('',*,*,#2941,.F.);
#2327=ORIENTED_EDGE('',*,*,#2998,.T.);
#2328=ORIENTED_EDGE('',*,*,#2952,.F.);
#2329=ORIENTED_EDGE('',*,*,#2999,.F.);
#2330=ORIENTED_EDGE('',*,*,#2997,.F.);
#2331=ORIENTED_EDGE('',*,*,#2995,.F.);
#2332=ORIENTED_EDGE('',*,*,#2993,.F.);
#2333=ORIENTED_EDGE('',*,*,#2991,.F.);
#2334=ORIENTED_EDGE('',*,*,#2987,.F.);
#2335=ORIENTED_EDGE('',*,*,#2984,.F.);
#2336=ORIENTED_EDGE('',*,*,#2981,.F.);
#2337=ORIENTED_EDGE('',*,*,#2974,.F.);
#2338=ORIENTED_EDGE('',*,*,#2972,.F.);
#2339=ORIENTED_EDGE('',*,*,#2970,.F.);
#2340=ORIENTED_EDGE('',*,*,#2968,.F.);
#2341=ORIENTED_EDGE('',*,*,#2966,.F.);
#2342=ORIENTED_EDGE('',*,*,#2964,.F.);
#2343=ORIENTED_EDGE('',*,*,#2961,.F.);
#2344=ORIENTED_EDGE('',*,*,#2980,.F.);
#2345=ORIENTED_EDGE('',*,*,#2960,.F.);
#2346=ORIENTED_EDGE('',*,*,#2989,.F.);
#2347=ORIENTED_EDGE('',*,*,#2955,.F.);
#2348=ORIENTED_EDGE('',*,*,#2978,.T.);
#2349=ORIENTED_EDGE('',*,*,#3000,.T.);
#2350=ORIENTED_EDGE('',*,*,#2985,.T.);
#2351=ORIENTED_EDGE('',*,*,#3001,.T.);
#2352=ORIENTED_EDGE('',*,*,#2977,.F.);
#2353=ORIENTED_EDGE('',*,*,#2983,.F.);
#2354=ORIENTED_EDGE('',*,*,#2986,.F.);
#2355=ORIENTED_EDGE('',*,*,#3000,.F.);
#2356=ORIENTED_EDGE('',*,*,#2990,.F.);
#2357=ORIENTED_EDGE('',*,*,#2958,.F.);
#2358=ORIENTED_EDGE('',*,*,#2979,.F.);
#2359=ORIENTED_EDGE('',*,*,#3001,.F.);
#2360=VERTEX_POINT('',#4660);
#2361=VERTEX_POINT('',#4661);
#2362=VERTEX_POINT('',#4663);
#2363=VERTEX_POINT('',#4665);
#2364=VERTEX_POINT('',#4667);
#2365=VERTEX_POINT('',#4669);
#2366=VERTEX_POINT('',#4671);
#2367=VERTEX_POINT('',#4673);
#2368=VERTEX_POINT('',#4677);
#2369=VERTEX_POINT('',#4678);
#2370=VERTEX_POINT('',#4680);
#2371=VERTEX_POINT('',#4682);
#2372=VERTEX_POINT('',#4684);
#2373=VERTEX_POINT('',#4686);
#2374=VERTEX_POINT('',#4688);
#2375=VERTEX_POINT('',#4690);
#2376=VERTEX_POINT('',#4694);
#2377=VERTEX_POINT('',#4696);
#2378=VERTEX_POINT('',#4698);
#2379=VERTEX_POINT('',#4700);
#2380=VERTEX_POINT('',#4702);
#2381=VERTEX_POINT('',#4704);
#2382=VERTEX_POINT('',#4708);
#2383=VERTEX_POINT('',#4709);
#2384=VERTEX_POINT('',#4711);
#2385=VERTEX_POINT('',#4713);
#2386=VERTEX_POINT('',#4716);
#2387=VERTEX_POINT('',#4717);
#2388=VERTEX_POINT('',#4719);
#2389=VERTEX_POINT('',#4721);
#2390=VERTEX_POINT('',#4724);
#2391=VERTEX_POINT('',#4725);
#2392=VERTEX_POINT('',#4727);
#2393=VERTEX_POINT('',#4729);
#2394=VERTEX_POINT('',#4733);
#2395=VERTEX_POINT('',#4735);
#2396=VERTEX_POINT('',#4739);
#2397=VERTEX_POINT('',#4743);
#2398=VERTEX_POINT('',#4744);
#2399=VERTEX_POINT('',#4746);
#2400=VERTEX_POINT('',#4748);
#2401=VERTEX_POINT('',#4751);
#2402=VERTEX_POINT('',#4752);
#2403=VERTEX_POINT('',#4754);
#2404=VERTEX_POINT('',#4756);
#2405=VERTEX_POINT('',#4759);
#2406=VERTEX_POINT('',#4760);
#2407=VERTEX_POINT('',#4762);
#2408=VERTEX_POINT('',#4764);
#2409=VERTEX_POINT('',#4768);
#2410=VERTEX_POINT('',#4774);
#2411=VERTEX_POINT('',#4775);
#2412=VERTEX_POINT('',#4777);
#2413=VERTEX_POINT('',#4779);
#2414=VERTEX_POINT('',#4782);
#2415=VERTEX_POINT('',#4783);
#2416=VERTEX_POINT('',#4785);
#2417=VERTEX_POINT('',#4787);
#2418=VERTEX_POINT('',#4793);
#2419=VERTEX_POINT('',#4794);
#2420=VERTEX_POINT('',#4796);
#2421=VERTEX_POINT('',#4798);
#2422=VERTEX_POINT('',#4801);
#2423=VERTEX_POINT('',#4802);
#2424=VERTEX_POINT('',#4804);
#2425=VERTEX_POINT('',#4806);
#2426=VERTEX_POINT('',#4812);
#2427=VERTEX_POINT('',#4814);
#2428=VERTEX_POINT('',#4858);
#2429=VERTEX_POINT('',#4862);
#2430=VERTEX_POINT('',#4864);
#2431=VERTEX_POINT('',#4866);
#2432=VERTEX_POINT('',#4868);
#2433=VERTEX_POINT('',#4870);
#2434=VERTEX_POINT('',#4872);
#2435=VERTEX_POINT('',#4874);
#2436=VERTEX_POINT('',#4876);
#2437=VERTEX_POINT('',#4878);
#2438=VERTEX_POINT('',#4880);
#2439=VERTEX_POINT('',#4887);
#2440=VERTEX_POINT('',#4891);
#2441=VERTEX_POINT('',#4895);
#2442=VERTEX_POINT('',#4899);
#2443=VERTEX_POINT('',#4903);
#2444=VERTEX_POINT('',#4907);
#2445=VERTEX_POINT('',#4911);
#2446=VERTEX_POINT('',#4915);
#2447=VERTEX_POINT('',#4919);
#2448=VERTEX_POINT('',#4926);
#2449=VERTEX_POINT('',#4928);
#2450=VERTEX_POINT('',#4931);
#2451=VERTEX_POINT('',#4933);
#2452=VERTEX_POINT('',#4936);
#2453=VERTEX_POINT('',#4937);
#2454=VERTEX_POINT('',#4939);
#2455=VERTEX_POINT('',#4941);
#2456=VERTEX_POINT('',#4943);
#2457=VERTEX_POINT('',#4945);
#2458=VERTEX_POINT('',#4948);
#2459=VERTEX_POINT('',#4949);
#2460=VERTEX_POINT('',#4951);
#2461=VERTEX_POINT('',#4953);
#2462=VERTEX_POINT('',#4957);
#2463=VERTEX_POINT('',#4958);
#2464=VERTEX_POINT('',#4960);
#2465=VERTEX_POINT('',#4962);
#2466=VERTEX_POINT('',#4964);
#2467=VERTEX_POINT('',#4966);
#2468=VERTEX_POINT('',#4969);
#2469=VERTEX_POINT('',#4970);
#2470=VERTEX_POINT('',#4972);
#2471=VERTEX_POINT('',#4974);
#2472=VERTEX_POINT('',#4978);
#2473=VERTEX_POINT('',#4980);
#2474=VERTEX_POINT('',#4983);
#2475=VERTEX_POINT('',#4984);
#2476=VERTEX_POINT('',#4986);
#2477=VERTEX_POINT('',#4988);
#2478=VERTEX_POINT('',#4992);
#2479=VERTEX_POINT('',#4993);
#2480=VERTEX_POINT('',#4995);
#2481=VERTEX_POINT('',#4997);
#2482=VERTEX_POINT('',#4999);
#2483=VERTEX_POINT('',#5001);
#2484=VERTEX_POINT('',#5005);
#2485=VERTEX_POINT('',#5007);
#2486=VERTEX_POINT('',#5009);
#2487=VERTEX_POINT('',#5010);
#2488=VERTEX_POINT('',#5013);
#2489=VERTEX_POINT('',#5015);
#2490=VERTEX_POINT('',#5017);
#2491=VERTEX_POINT('',#5019);
#2492=VERTEX_POINT('',#5023);
#2493=VERTEX_POINT('',#5024);
#2494=VERTEX_POINT('',#5026);
#2495=VERTEX_POINT('',#5029);
#2496=VERTEX_POINT('',#5033);
#2497=VERTEX_POINT('',#5036);
#2498=VERTEX_POINT('',#5041);
#2499=VERTEX_POINT('',#5042);
#2500=VERTEX_POINT('',#5044);
#2501=VERTEX_POINT('',#5046);
#2502=VERTEX_POINT('',#5049);
#2503=VERTEX_POINT('',#5050);
#2504=VERTEX_POINT('',#5052);
#2505=VERTEX_POINT('',#5054);
#2506=VERTEX_POINT('',#5057);
#2507=VERTEX_POINT('',#5059);
#2508=VERTEX_POINT('',#5066);
#2509=VERTEX_POINT('',#5070);
#2510=VERTEX_POINT('',#5072);
#2511=VERTEX_POINT('',#5076);
#2512=VERTEX_POINT('',#5080);
#2513=VERTEX_POINT('',#5093);
#2514=VERTEX_POINT('',#5096);
#2515=VERTEX_POINT('',#5097);
#2516=VERTEX_POINT('',#5099);
#2517=VERTEX_POINT('',#5101);
#2518=VERTEX_POINT('',#5113);
#2519=VERTEX_POINT('',#5114);
#2520=VERTEX_POINT('',#5116);
#2521=VERTEX_POINT('',#5118);
#2522=VERTEX_POINT('',#5130);
#2523=VERTEX_POINT('',#5132);
#2524=VERTEX_POINT('',#5135);
#2525=VERTEX_POINT('',#5137);
#2526=VERTEX_POINT('',#5140);
#2527=VERTEX_POINT('',#5141);
#2528=VERTEX_POINT('',#5143);
#2529=VERTEX_POINT('',#5145);
#2530=VERTEX_POINT('',#5168);
#2531=VERTEX_POINT('',#5169);
#2532=VERTEX_POINT('',#5171);
#2533=VERTEX_POINT('',#5173);
#2534=VERTEX_POINT('',#5185);
#2535=VERTEX_POINT('',#5186);
#2536=VERTEX_POINT('',#5188);
#2537=VERTEX_POINT('',#5190);
#2538=VERTEX_POINT('',#5202);
#2539=VERTEX_POINT('',#5204);
#2540=VERTEX_POINT('',#5207);
#2541=VERTEX_POINT('',#5209);
#2542=VERTEX_POINT('',#5213);
#2543=VERTEX_POINT('',#5215);
#2544=VERTEX_POINT('',#5219);
#2545=VERTEX_POINT('',#5223);
#2546=VERTEX_POINT('',#5225);
#2547=VERTEX_POINT('',#5228);
#2548=VERTEX_POINT('',#5230);
#2549=VERTEX_POINT('',#5234);
#2550=VERTEX_POINT('',#5236);
#2551=VERTEX_POINT('',#5239);
#2552=VERTEX_POINT('',#5241);
#2553=VERTEX_POINT('',#5247);
#2554=VERTEX_POINT('',#5248);
#2555=VERTEX_POINT('',#5250);
#2556=VERTEX_POINT('',#5252);
#2557=VERTEX_POINT('',#5254);
#2558=VERTEX_POINT('',#5256);
#2559=VERTEX_POINT('',#5258);
#2560=VERTEX_POINT('',#5260);
#2561=VERTEX_POINT('',#5262);
#2562=VERTEX_POINT('',#5264);
#2563=VERTEX_POINT('',#5266);
#2564=VERTEX_POINT('',#5268);
#2565=VERTEX_POINT('',#5272);
#2566=VERTEX_POINT('',#5274);
#2567=VERTEX_POINT('',#5278);
#2568=VERTEX_POINT('',#5280);
#2569=VERTEX_POINT('',#5283);
#2570=VERTEX_POINT('',#5287);
#2571=VERTEX_POINT('',#5291);
#2572=VERTEX_POINT('',#5293);
#2573=VERTEX_POINT('',#5298);
#2574=VERTEX_POINT('',#5301);
#2575=VERTEX_POINT('',#5305);
#2576=VERTEX_POINT('',#5312);
#2577=VERTEX_POINT('',#5316);
#2578=VERTEX_POINT('',#5323);
#2579=VERTEX_POINT('',#5326);
#2580=VERTEX_POINT('',#5329);
#2581=VERTEX_POINT('',#5332);
#2582=VERTEX_POINT('',#5336);
#2583=VERTEX_POINT('',#5337);
#2584=VERTEX_POINT('',#5339);
#2585=VERTEX_POINT('',#5341);
#2586=VERTEX_POINT('',#5343);
#2587=VERTEX_POINT('',#5345);
#2588=VERTEX_POINT('',#5347);
#2589=VERTEX_POINT('',#5349);
#2590=VERTEX_POINT('',#5353);
#2591=VERTEX_POINT('',#5354);
#2592=VERTEX_POINT('',#5356);
#2593=VERTEX_POINT('',#5358);
#2594=VERTEX_POINT('',#5360);
#2595=VERTEX_POINT('',#5362);
#2596=VERTEX_POINT('',#5364);
#2597=VERTEX_POINT('',#5366);
#2598=VERTEX_POINT('',#5370);
#2599=VERTEX_POINT('',#5371);
#2600=VERTEX_POINT('',#5376);
#2601=VERTEX_POINT('',#5380);
#2602=VERTEX_POINT('',#5381);
#2603=VERTEX_POINT('',#5383);
#2604=VERTEX_POINT('',#5385);
#2605=VERTEX_POINT('',#5389);
#2606=VERTEX_POINT('',#5390);
#2607=VERTEX_POINT('',#5395);
#2608=VERTEX_POINT('',#5399);
#2609=VERTEX_POINT('',#5403);
#2610=VERTEX_POINT('',#5407);
#2611=VERTEX_POINT('',#5411);
#2612=VERTEX_POINT('',#5415);
#2613=VERTEX_POINT('',#5419);
#2614=VERTEX_POINT('',#5420);
#2615=VERTEX_POINT('',#5422);
#2616=VERTEX_POINT('',#5424);
#2617=VERTEX_POINT('',#5430);
#2618=VERTEX_POINT('',#5431);
#2619=VERTEX_POINT('',#5436);
#2620=VERTEX_POINT('',#5437);
#2621=VERTEX_POINT('',#5440);
#2622=VERTEX_POINT('',#5446);
#2623=VERTEX_POINT('',#5450);
#2624=VERTEX_POINT('',#5454);
#2625=VERTEX_POINT('',#5458);
#2626=EDGE_CURVE('',#2360,#2361,#3002,.T.);
#2627=EDGE_CURVE('',#2362,#2360,#3003,.T.);
#2628=EDGE_CURVE('',#2362,#2363,#3004,.T.);
#2629=EDGE_CURVE('',#2363,#2364,#3005,.T.);
#2630=EDGE_CURVE('',#2365,#2364,#3006,.T.);
#2631=EDGE_CURVE('',#2365,#2366,#3007,.T.);
#2632=EDGE_CURVE('',#2366,#2367,#3008,.T.);
#2633=EDGE_CURVE('',#2367,#2361,#3009,.T.);
#2634=EDGE_CURVE('',#2368,#2369,#3010,.T.);
#2635=EDGE_CURVE('',#2368,#2370,#3011,.T.);
#2636=EDGE_CURVE('',#2371,#2370,#3012,.T.);
#2637=EDGE_CURVE('',#2372,#2371,#3013,.T.);
#2638=EDGE_CURVE('',#2372,#2373,#3014,.T.);
#2639=EDGE_CURVE('',#2373,#2374,#3015,.T.);
#2640=EDGE_CURVE('',#2374,#2375,#3016,.T.);
#2641=EDGE_CURVE('',#2375,#2369,#3017,.T.);
#2642=EDGE_CURVE('',#2376,#2365,#3018,.T.);
#2643=EDGE_CURVE('',#2376,#2377,#3019,.T.);
#2644=EDGE_CURVE('',#2378,#2377,#3020,.T.);
#2645=EDGE_CURVE('',#2379,#2378,#3021,.T.);
#2646=EDGE_CURVE('',#2380,#2379,#3022,.T.);
#2647=EDGE_CURVE('',#2380,#2381,#3023,.T.);
#2648=EDGE_CURVE('',#2366,#2381,#3024,.T.);
#2649=EDGE_CURVE('',#2382,#2383,#873,.T.);
#2650=EDGE_CURVE('',#2383,#2384,#3025,.T.);
#2651=EDGE_CURVE('',#2384,#2385,#874,.T.);
#2652=EDGE_CURVE('',#2385,#2382,#3026,.T.);
#2653=EDGE_CURVE('',#2386,#2387,#875,.T.);
#2654=EDGE_CURVE('',#2387,#2388,#3027,.T.);
#2655=EDGE_CURVE('',#2388,#2389,#876,.T.);
#2656=EDGE_CURVE('',#2389,#2386,#3028,.T.);
#2657=EDGE_CURVE('',#2390,#2391,#877,.T.);
#2658=EDGE_CURVE('',#2391,#2392,#3029,.T.);
#2659=EDGE_CURVE('',#2392,#2393,#878,.T.);
#2660=EDGE_CURVE('',#2393,#2390,#3030,.T.);
#2661=EDGE_CURVE('',#2374,#2380,#879,.T.);
#2662=EDGE_CURVE('',#2379,#2394,#3031,.T.);
#2663=EDGE_CURVE('',#2395,#2394,#3032,.T.);
#2664=EDGE_CURVE('',#2395,#2375,#880,.T.);
#2665=EDGE_CURVE('',#2394,#2396,#3033,.T.);
#2666=EDGE_CURVE('',#2378,#2396,#3034,.T.);
#2667=EDGE_CURVE('',#2397,#2398,#881,.T.);
#2668=EDGE_CURVE('',#2398,#2399,#3035,.T.);
#2669=EDGE_CURVE('',#2399,#2400,#882,.T.);
#2670=EDGE_CURVE('',#2400,#2397,#3036,.T.);
#2671=EDGE_CURVE('',#2401,#2402,#883,.T.);
#2672=EDGE_CURVE('',#2402,#2403,#3037,.T.);
#2673=EDGE_CURVE('',#2403,#2404,#884,.T.);
#2674=EDGE_CURVE('',#2404,#2401,#3038,.T.);
#2675=EDGE_CURVE('',#2405,#2406,#885,.T.);
#2676=EDGE_CURVE('',#2406,#2407,#3039,.T.);
#2677=EDGE_CURVE('',#2407,#2408,#886,.T.);
#2678=EDGE_CURVE('',#2408,#2405,#3040,.T.);
#2679=EDGE_CURVE('',#2377,#2368,#887,.T.);
#2680=EDGE_CURVE('',#2369,#2409,#888,.T.);
#2681=EDGE_CURVE('',#2396,#2409,#3041,.T.);
#2682=EDGE_CURVE('',#2409,#2395,#3042,.T.);
#2683=EDGE_CURVE('',#2410,#2411,#3043,.T.);
#2684=EDGE_CURVE('',#2412,#2410,#889,.T.);
#2685=EDGE_CURVE('',#2413,#2412,#3044,.T.);
#2686=EDGE_CURVE('',#2411,#2413,#890,.T.);
#2687=EDGE_CURVE('',#2414,#2415,#3045,.T.);
#2688=EDGE_CURVE('',#2416,#2414,#891,.T.);
#2689=EDGE_CURVE('',#2417,#2416,#3046,.T.);
#2690=EDGE_CURVE('',#2415,#2417,#892,.T.);
#2691=EDGE_CURVE('',#2381,#2373,#893,.T.);
#2692=EDGE_CURVE('',#2372,#2367,#3047,.T.);
#2693=EDGE_CURVE('',#2418,#2419,#3048,.T.);
#2694=EDGE_CURVE('',#2420,#2418,#894,.T.);
#2695=EDGE_CURVE('',#2421,#2420,#3049,.T.);
#2696=EDGE_CURVE('',#2419,#2421,#895,.T.);
#2697=EDGE_CURVE('',#2422,#2423,#3050,.T.);
#2698=EDGE_CURVE('',#2424,#2422,#896,.T.);
#2699=EDGE_CURVE('',#2425,#2424,#3051,.T.);
#2700=EDGE_CURVE('',#2423,#2425,#897,.T.);
#2701=EDGE_CURVE('',#2370,#2376,#898,.T.);
#2702=EDGE_CURVE('',#2364,#2371,#3052,.T.);
#2703=EDGE_CURVE('',#2361,#2426,#3053,.T.);
#2704=EDGE_CURVE('',#2427,#2363,#3054,.T.);
#2705=EDGE_CURVE('',#2426,#2427,#3055,.T.);
#2706=EDGE_CURVE('',#2423,#2407,#3056,.T.);
#2707=EDGE_CURVE('',#2425,#2408,#3057,.T.);
#2708=EDGE_CURVE('',#2424,#2405,#3058,.T.);
#2709=EDGE_CURVE('',#2422,#2406,#3059,.T.);
#2710=EDGE_CURVE('',#2419,#2403,#3060,.T.);
#2711=EDGE_CURVE('',#2421,#2404,#3061,.T.);
#2712=EDGE_CURVE('',#2420,#2401,#3062,.T.);
#2713=EDGE_CURVE('',#2418,#2402,#3063,.T.);
#2714=EDGE_CURVE('',#2392,#2415,#3064,.T.);
#2715=EDGE_CURVE('',#2391,#2414,#3065,.T.);
#2716=EDGE_CURVE('',#2393,#2417,#3066,.T.);
#2717=EDGE_CURVE('',#2390,#2416,#3067,.T.);
#2718=EDGE_CURVE('',#2388,#2411,#3068,.T.);
#2719=EDGE_CURVE('',#2387,#2410,#3069,.T.);
#2720=EDGE_CURVE('',#2389,#2413,#3070,.T.);
#2721=EDGE_CURVE('',#2386,#2412,#3071,.T.);
#2722=EDGE_CURVE('',#2384,#2398,#3072,.T.);
#2723=EDGE_CURVE('',#2383,#2399,#3073,.T.);
#2724=EDGE_CURVE('',#2385,#2397,#3074,.T.);
#2725=EDGE_CURVE('',#2382,#2400,#3075,.T.);
#2726=EDGE_CURVE('',#2428,#2426,#3076,.T.);
#2727=EDGE_CURVE('',#2360,#2428,#3077,.T.);
#2728=EDGE_CURVE('',#2429,#2429,#899,.T.);
#2729=EDGE_CURVE('',#2430,#2430,#900,.T.);
#2730=EDGE_CURVE('',#2431,#2431,#901,.T.);
#2731=EDGE_CURVE('',#2432,#2432,#902,.T.);
#2732=EDGE_CURVE('',#2433,#2433,#903,.T.);
#2733=EDGE_CURVE('',#2434,#2434,#904,.T.);
#2734=EDGE_CURVE('',#2435,#2435,#905,.T.);
#2735=EDGE_CURVE('',#2436,#2436,#906,.T.);
#2736=EDGE_CURVE('',#2437,#2437,#907,.T.);
#2737=EDGE_CURVE('',#2438,#2427,#3078,.T.);
#2738=EDGE_CURVE('',#2428,#2438,#3079,.T.);
#2739=EDGE_CURVE('',#2438,#2362,#3080,.T.);
#2740=EDGE_CURVE('',#2439,#2439,#908,.T.);
#2741=EDGE_CURVE('',#2440,#2440,#909,.T.);
#2742=EDGE_CURVE('',#2441,#2441,#910,.T.);
#2743=EDGE_CURVE('',#2442,#2442,#911,.T.);
#2744=EDGE_CURVE('',#2443,#2443,#912,.T.);
#2745=EDGE_CURVE('',#2444,#2444,#913,.T.);
#2746=EDGE_CURVE('',#2445,#2445,#914,.T.);
#2747=EDGE_CURVE('',#2446,#2446,#915,.T.);
#2748=EDGE_CURVE('',#2447,#2447,#916,.T.);
#2749=EDGE_CURVE('',#2448,#2448,#917,.T.);
#2750=EDGE_CURVE('',#2449,#2449,#918,.T.);
#2751=EDGE_CURVE('',#2450,#2450,#919,.T.);
#2752=EDGE_CURVE('',#2451,#2451,#920,.T.);
#2753=EDGE_CURVE('',#2452,#2453,#3081,.T.);
#2754=EDGE_CURVE('',#2454,#2452,#3082,.T.);
#2755=EDGE_CURVE('',#2455,#2454,#3083,.T.);
#2756=EDGE_CURVE('',#2456,#2455,#3084,.T.);
#2757=EDGE_CURVE('',#2456,#2457,#3085,.T.);
#2758=EDGE_CURVE('',#2457,#2453,#3086,.T.);
#2759=EDGE_CURVE('',#2458,#2459,#3087,.T.);
#2760=EDGE_CURVE('',#2459,#2460,#3088,.T.);
#2761=EDGE_CURVE('',#2460,#2461,#3089,.T.);
#2762=EDGE_CURVE('',#2461,#2458,#3090,.T.);
#2763=EDGE_CURVE('',#2462,#2463,#3091,.T.);
#2764=EDGE_CURVE('',#2464,#2462,#3092,.T.);
#2765=EDGE_CURVE('',#2464,#2465,#3093,.T.);
#2766=EDGE_CURVE('',#2465,#2466,#3094,.T.);
#2767=EDGE_CURVE('',#2467,#2466,#3095,.T.);
#2768=EDGE_CURVE('',#2463,#2467,#3096,.T.);
#2769=EDGE_CURVE('',#2468,#2469,#3097,.T.);
#2770=EDGE_CURVE('',#2470,#2468,#3098,.T.);
#2771=EDGE_CURVE('',#2471,#2470,#3099,.T.);
#2772=EDGE_CURVE('',#2469,#2471,#3100,.T.);
#2773=EDGE_CURVE('',#2472,#2472,#921,.T.);
#2774=EDGE_CURVE('',#2473,#2473,#922,.T.);
#2775=EDGE_CURVE('',#2474,#2475,#3101,.T.);
#2776=EDGE_CURVE('',#2475,#2476,#3102,.T.);
#2777=EDGE_CURVE('',#2477,#2476,#3103,.T.);
#2778=EDGE_CURVE('',#2477,#2474,#3104,.T.);
#2779=EDGE_CURVE('',#2478,#2479,#3105,.T.);
#2780=EDGE_CURVE('',#2479,#2480,#3106,.T.);
#2781=EDGE_CURVE('',#2481,#2480,#923,.T.);
#2782=EDGE_CURVE('',#2482,#2481,#3107,.T.);
#2783=EDGE_CURVE('',#2483,#2482,#924,.T.);
#2784=EDGE_CURVE('',#2478,#2483,#3108,.T.);
#2785=EDGE_CURVE('',#2484,#2484,#925,.T.);
#2786=EDGE_CURVE('',#2485,#2485,#926,.T.);
#2787=EDGE_CURVE('',#2486,#2487,#3109,.T.);
#2788=EDGE_CURVE('',#2486,#2478,#3110,.T.);
#2789=EDGE_CURVE('',#2488,#2483,#3111,.T.);
#2790=EDGE_CURVE('',#2488,#2489,#3112,.T.);
#2791=EDGE_CURVE('',#2489,#2490,#3113,.T.);
#2792=EDGE_CURVE('',#2490,#2491,#3114,.T.);
#2793=EDGE_CURVE('',#2487,#2491,#3115,.T.);
#2794=EDGE_CURVE('',#2492,#2493,#927,.T.);
#2795=EDGE_CURVE('',#2492,#2494,#3116,.T.);
#2796=EDGE_CURVE('',#2494,#2486,#3117,.T.);
#2797=EDGE_CURVE('',#2495,#2487,#928,.T.);
#2798=EDGE_CURVE('',#2495,#2493,#3118,.T.);
#2799=EDGE_CURVE('',#2467,#2496,#3119,.T.);
#2800=EDGE_CURVE('',#2466,#2455,#3120,.T.);
#2801=EDGE_CURVE('',#2497,#2454,#3121,.T.);
#2802=EDGE_CURVE('',#2490,#2497,#3122,.T.);
#2803=EDGE_CURVE('',#2489,#2496,#3123,.T.);
#2804=EDGE_CURVE('',#2498,#2499,#3124,.T.);
#2805=EDGE_CURVE('',#2500,#2498,#3125,.T.);
#2806=EDGE_CURVE('',#2501,#2500,#3126,.T.);
#2807=EDGE_CURVE('',#2499,#2501,#3127,.T.);
#2808=EDGE_CURVE('',#2502,#2503,#3128,.T.);
#2809=EDGE_CURVE('',#2504,#2502,#3129,.T.);
#2810=EDGE_CURVE('',#2505,#2504,#3130,.T.);
#2811=EDGE_CURVE('',#2503,#2505,#3131,.T.);
#2812=EDGE_CURVE('',#2506,#2506,#929,.T.);
#2813=EDGE_CURVE('',#2507,#2507,#930,.T.);
#2814=EDGE_CURVE('',#2465,#2456,#3132,.T.);
#2815=EDGE_CURVE('',#2453,#2462,#3133,.T.);
#2816=EDGE_CURVE('',#2457,#2464,#3134,.T.);
#2817=EDGE_CURVE('',#2452,#2508,#3135,.T.);
#2818=EDGE_CURVE('',#2497,#2508,#3136,.T.);
#2819=EDGE_CURVE('',#2509,#2463,#3137,.T.);
#2820=EDGE_CURVE('',#2510,#2509,#3138,.T.);
#2821=EDGE_CURVE('',#2510,#2482,#3139,.T.);
#2822=EDGE_CURVE('',#2481,#2493,#3140,.T.);
#2823=EDGE_CURVE('',#2495,#2511,#3141,.T.);
#2824=EDGE_CURVE('',#2511,#2508,#3142,.T.);
#2825=EDGE_CURVE('',#2512,#2512,#931,.T.);
#2826=EDGE_CURVE('',#2511,#2491,#932,.T.);
#2827=EDGE_CURVE('',#2509,#2496,#3143,.T.);
#2828=EDGE_CURVE('',#2488,#2510,#933,.T.);
#2829=EDGE_CURVE('',#2476,#2492,#640,.T.);
#2830=EDGE_CURVE('',#2480,#2477,#641,.T.);
#2831=EDGE_CURVE('',#2513,#2513,#934,.T.);
#2832=EDGE_CURVE('',#2514,#2515,#3144,.T.);
#2833=EDGE_CURVE('',#2515,#2516,#3145,.T.);
#2834=EDGE_CURVE('',#2516,#2517,#3146,.T.);
#2835=EDGE_CURVE('',#2517,#2514,#3147,.T.);
#2836=EDGE_CURVE('',#2458,#2516,#3148,.T.);
#2837=EDGE_CURVE('',#2459,#2515,#3149,.T.);
#2838=EDGE_CURVE('',#2461,#2517,#3150,.T.);
#2839=EDGE_CURVE('',#2460,#2514,#3151,.T.);
#2840=EDGE_CURVE('',#2518,#2519,#3152,.T.);
#2841=EDGE_CURVE('',#2520,#2518,#3153,.T.);
#2842=EDGE_CURVE('',#2521,#2520,#3154,.T.);
#2843=EDGE_CURVE('',#2519,#2521,#3155,.T.);
#2844=EDGE_CURVE('',#2518,#2468,#3156,.T.);
#2845=EDGE_CURVE('',#2519,#2470,#3157,.T.);
#2846=EDGE_CURVE('',#2520,#2469,#3158,.T.);
#2847=EDGE_CURVE('',#2521,#2471,#3159,.T.);
#2848=EDGE_CURVE('',#2522,#2522,#935,.T.);
#2849=EDGE_CURVE('',#2523,#2523,#936,.T.);
#2850=EDGE_CURVE('',#2524,#2524,#937,.T.);
#2851=EDGE_CURVE('',#2525,#2525,#938,.T.);
#2852=EDGE_CURVE('',#2526,#2527,#3160,.T.);
#2853=EDGE_CURVE('',#2527,#2528,#3161,.T.);
#2854=EDGE_CURVE('',#2528,#2529,#3162,.T.);
#2855=EDGE_CURVE('',#2529,#2526,#3163,.T.);
#2856=EDGE_CURVE('',#2479,#2528,#3164,.T.);
#2857=EDGE_CURVE('',#2529,#2478,#3165,.T.);
#2858=EDGE_CURVE('',#2474,#2479,#3166,.T.);
#2859=EDGE_CURVE('',#2526,#2486,#3167,.T.);
#2860=EDGE_CURVE('',#2474,#2528,#3168,.T.);
#2861=EDGE_CURVE('',#2527,#2494,#3169,.T.);
#2862=EDGE_CURVE('',#2475,#2527,#3170,.T.);
#2863=EDGE_CURVE('',#2475,#2494,#3171,.T.);
#2864=EDGE_CURVE('',#2530,#2531,#3172,.T.);
#2865=EDGE_CURVE('',#2532,#2530,#3173,.T.);
#2866=EDGE_CURVE('',#2533,#2532,#3174,.T.);
#2867=EDGE_CURVE('',#2531,#2533,#3175,.T.);
#2868=EDGE_CURVE('',#2503,#2530,#3176,.T.);
#2869=EDGE_CURVE('',#2502,#2531,#3177,.T.);
#2870=EDGE_CURVE('',#2505,#2532,#3178,.T.);
#2871=EDGE_CURVE('',#2504,#2533,#3179,.T.);
#2872=EDGE_CURVE('',#2534,#2535,#3180,.T.);
#2873=EDGE_CURVE('',#2536,#2534,#3181,.T.);
#2874=EDGE_CURVE('',#2537,#2536,#3182,.T.);
#2875=EDGE_CURVE('',#2535,#2537,#3183,.T.);
#2876=EDGE_CURVE('',#2499,#2534,#3184,.T.);
#2877=EDGE_CURVE('',#2498,#2535,#3185,.T.);
#2878=EDGE_CURVE('',#2501,#2536,#3186,.T.);
#2879=EDGE_CURVE('',#2500,#2537,#3187,.T.);
#2880=EDGE_CURVE('',#2538,#2538,#939,.T.);
#2881=EDGE_CURVE('',#2539,#2539,#940,.T.);
#2882=EDGE_CURVE('',#2540,#2540,#941,.T.);
#2883=EDGE_CURVE('',#2541,#2541,#942,.T.);
#2884=EDGE_CURVE('',#2542,#2542,#943,.T.);
#2885=EDGE_CURVE('',#2543,#2543,#944,.T.);
#2886=EDGE_CURVE('',#2544,#2544,#945,.T.);
#2887=EDGE_CURVE('',#2545,#2545,#946,.T.);
#2888=EDGE_CURVE('',#2546,#2546,#947,.T.);
#2889=EDGE_CURVE('',#2547,#2547,#948,.T.);
#2890=EDGE_CURVE('',#2548,#2548,#949,.T.);
#2891=EDGE_CURVE('',#2549,#2549,#950,.T.);
#2892=EDGE_CURVE('',#2550,#2550,#951,.T.);
#2893=EDGE_CURVE('',#2551,#2551,#952,.T.);
#2894=EDGE_CURVE('',#2552,#2552,#953,.T.);
#2895=EDGE_CURVE('',#2553,#2554,#3188,.T.);
#2896=EDGE_CURVE('',#2555,#2553,#3189,.T.);
#2897=EDGE_CURVE('',#2556,#2555,#3190,.T.);
#2898=EDGE_CURVE('',#2557,#2556,#3191,.T.);
#2899=EDGE_CURVE('',#2558,#2557,#3192,.T.);
#2900=EDGE_CURVE('',#2559,#2558,#3193,.T.);
#2901=EDGE_CURVE('',#2560,#2559,#3194,.T.);
#2902=EDGE_CURVE('',#2561,#2560,#3195,.T.);
#2903=EDGE_CURVE('',#2562,#2561,#3196,.T.);
#2904=EDGE_CURVE('',#2563,#2562,#3197,.T.);
#2905=EDGE_CURVE('',#2564,#2563,#3198,.T.);
#2906=EDGE_CURVE('',#2554,#2564,#3199,.T.);
#2907=EDGE_CURVE('',#2565,#2555,#3200,.T.);
#2908=EDGE_CURVE('',#2566,#2565,#3201,.T.);
#2909=EDGE_CURVE('',#2566,#2556,#3202,.T.);
#2910=EDGE_CURVE('',#2567,#2553,#3203,.T.);
#2911=EDGE_CURVE('',#2568,#2567,#3204,.T.);
#2912=EDGE_CURVE('',#2568,#2563,#3205,.T.);
#2913=EDGE_CURVE('',#2569,#2562,#3206,.T.);
#2914=EDGE_CURVE('',#2565,#2569,#3207,.T.);
#2915=EDGE_CURVE('',#2570,#2561,#3208,.T.);
#2916=EDGE_CURVE('',#2569,#2570,#3209,.T.);
#2917=EDGE_CURVE('',#2571,#2560,#3210,.T.);
#2918=EDGE_CURVE('',#2572,#2571,#3211,.T.);
#2919=EDGE_CURVE('',#2572,#2557,#3212,.T.);
#2920=EDGE_CURVE('',#2570,#2566,#3213,.T.);
#2921=EDGE_CURVE('',#2573,#2573,#954,.T.);
#2922=EDGE_CURVE('',#2574,#2572,#3214,.T.);
#2923=EDGE_CURVE('',#2574,#2558,#3215,.T.);
#2924=EDGE_CURVE('',#2575,#2559,#3216,.T.);
#2925=EDGE_CURVE('',#2571,#2575,#3217,.T.);
#2926=EDGE_CURVE('',#2575,#2574,#3218,.T.);
#2927=EDGE_CURVE('',#2576,#2554,#3219,.T.);
#2928=EDGE_CURVE('',#2567,#2576,#3220,.T.);
#2929=EDGE_CURVE('',#2577,#2564,#3221,.T.);
#2930=EDGE_CURVE('',#2576,#2577,#3222,.T.);
#2931=EDGE_CURVE('',#2577,#2568,#3223,.T.);
#2932=EDGE_CURVE('',#2578,#2578,#955,.T.);
#2933=EDGE_CURVE('',#2579,#2579,#642,.T.);
#2934=EDGE_CURVE('',#2580,#2580,#956,.T.);
#2935=EDGE_CURVE('',#2581,#2581,#957,.T.);
#2936=EDGE_CURVE('',#2582,#2583,#3224,.T.);
#2937=EDGE_CURVE('',#2583,#2584,#3225,.T.);
#2938=EDGE_CURVE('',#2584,#2585,#3226,.T.);
#2939=EDGE_CURVE('',#2585,#2586,#3227,.T.);
#2940=EDGE_CURVE('',#2586,#2587,#958,.T.);
#2941=EDGE_CURVE('',#2587,#2588,#3228,.T.);
#2942=EDGE_CURVE('',#2588,#2589,#3229,.T.);
#2943=EDGE_CURVE('',#2589,#2582,#3230,.T.);
#2944=EDGE_CURVE('',#2590,#2591,#3231,.T.);
#2945=EDGE_CURVE('',#2591,#2592,#3232,.T.);
#2946=EDGE_CURVE('',#2592,#2593,#3233,.T.);
#2947=EDGE_CURVE('',#2593,#2594,#3234,.T.);
#2948=EDGE_CURVE('',#2594,#2595,#959,.T.);
#2949=EDGE_CURVE('',#2595,#2596,#3235,.T.);
#2950=EDGE_CURVE('',#2596,#2597,#3236,.T.);
#2951=EDGE_CURVE('',#2597,#2590,#3237,.T.);
#2952=EDGE_CURVE('',#2598,#2599,#3238,.T.);
#2953=EDGE_CURVE('',#2589,#2599,#3239,.T.);
#2954=EDGE_CURVE('',#2588,#2598,#3240,.T.);
#2955=EDGE_CURVE('',#2599,#2600,#3241,.T.);
#2956=EDGE_CURVE('',#2582,#2600,#3242,.T.);
#2957=EDGE_CURVE('',#2601,#2602,#3243,.T.);
#2958=EDGE_CURVE('',#2601,#2603,#3244,.T.);
#2959=EDGE_CURVE('',#2603,#2604,#3245,.T.);
#2960=EDGE_CURVE('',#2604,#2602,#3246,.T.);
#2961=EDGE_CURVE('',#2605,#2606,#3247,.T.);
#2962=EDGE_CURVE('',#2592,#2606,#3248,.T.);
#2963=EDGE_CURVE('',#2591,#2605,#3249,.T.);
#2964=EDGE_CURVE('',#2606,#2607,#3250,.T.);
#2965=EDGE_CURVE('',#2593,#2607,#3251,.T.);
#2966=EDGE_CURVE('',#2607,#2608,#3252,.T.);
#2967=EDGE_CURVE('',#2594,#2608,#3253,.T.);
#2968=EDGE_CURVE('',#2608,#2609,#960,.T.);
#2969=EDGE_CURVE('',#2595,#2609,#3254,.T.);
#2970=EDGE_CURVE('',#2609,#2610,#3255,.T.);
#2971=EDGE_CURVE('',#2596,#2610,#3256,.T.);
#2972=EDGE_CURVE('',#2610,#2611,#3257,.T.);
#2973=EDGE_CURVE('',#2597,#2611,#3258,.T.);
#2974=EDGE_CURVE('',#2611,#2612,#3259,.T.);
#2975=EDGE_CURVE('',#2590,#2612,#3260,.T.);
#2976=EDGE_CURVE('',#2613,#2614,#3261,.T.);
#2977=EDGE_CURVE('',#2613,#2615,#3262,.T.);
#2978=EDGE_CURVE('',#2616,#2615,#3263,.T.);
#2979=EDGE_CURVE('',#2616,#2601,#3264,.T.);
#2980=EDGE_CURVE('',#2602,#2605,#3265,.T.);
#2981=EDGE_CURVE('',#2612,#2614,#3266,.T.);
#2982=EDGE_CURVE('',#2617,#2618,#3267,.T.);
#2983=EDGE_CURVE('',#2617,#2613,#3268,.T.);
#2984=EDGE_CURVE('',#2614,#2618,#3269,.T.);
#2985=EDGE_CURVE('',#2619,#2620,#3270,.T.);
#2986=EDGE_CURVE('',#2619,#2617,#3271,.T.);
#2987=EDGE_CURVE('',#2618,#2621,#3272,.T.);
#2988=EDGE_CURVE('',#2583,#2621,#3273,.T.);
#2989=EDGE_CURVE('',#2600,#2604,#3274,.T.);
#2990=EDGE_CURVE('',#2603,#2620,#3275,.T.);
#2991=EDGE_CURVE('',#2621,#2622,#3276,.T.);
#2992=EDGE_CURVE('',#2584,#2622,#3277,.T.);
#2993=EDGE_CURVE('',#2622,#2623,#3278,.T.);
#2994=EDGE_CURVE('',#2585,#2623,#3279,.T.);
#2995=EDGE_CURVE('',#2623,#2624,#3280,.T.);
#2996=EDGE_CURVE('',#2586,#2624,#3281,.T.);
#2997=EDGE_CURVE('',#2624,#2625,#961,.T.);
#2998=EDGE_CURVE('',#2587,#2625,#3282,.T.);
#2999=EDGE_CURVE('',#2625,#2598,#3283,.T.);
#3000=EDGE_CURVE('',#2615,#2619,#3284,.T.);
#3001=EDGE_CURVE('',#2620,#2616,#3285,.T.);
#3002=LINE('',#4659,#3286);
#3003=LINE('',#4662,#3287);
#3004=LINE('',#4664,#3288);
#3005=LINE('',#4666,#3289);
#3006=LINE('',#4668,#3290);
#3007=LINE('',#4670,#3291);
#3008=LINE('',#4672,#3292);
#3009=LINE('',#4674,#3293);
#3010=LINE('',#4676,#3294);
#3011=LINE('',#4679,#3295);
#3012=LINE('',#4681,#3296);
#3013=LINE('',#4683,#3297);
#3014=LINE('',#4685,#3298);
#3015=LINE('',#4687,#3299);
#3016=LINE('',#4689,#3300);
#3017=LINE('',#4691,#3301);
#3018=LINE('',#4693,#3302);
#3019=LINE('',#4695,#3303);
#3020=LINE('',#4697,#3304);
#3021=LINE('',#4699,#3305);
#3022=LINE('',#4701,#3306);
#3023=LINE('',#4703,#3307);
#3024=LINE('',#4705,#3308);
#3025=LINE('',#4710,#3309);
#3026=LINE('',#4714,#3310);
#3027=LINE('',#4718,#3311);
#3028=LINE('',#4722,#3312);
#3029=LINE('',#4726,#3313);
#3030=LINE('',#4730,#3314);
#3031=LINE('',#4732,#3315);
#3032=LINE('',#4734,#3316);
#3033=LINE('',#4738,#3317);
#3034=LINE('',#4740,#3318);
#3035=LINE('',#4745,#3319);
#3036=LINE('',#4749,#3320);
#3037=LINE('',#4753,#3321);
#3038=LINE('',#4757,#3322);
#3039=LINE('',#4761,#3323);
#3040=LINE('',#4765,#3324);
#3041=LINE('',#4769,#3325);
#3042=LINE('',#4771,#3326);
#3043=LINE('',#4773,#3327);
#3044=LINE('',#4778,#3328);
#3045=LINE('',#4781,#3329);
#3046=LINE('',#4786,#3330);
#3047=LINE('',#4790,#3331);
#3048=LINE('',#4792,#3332);
#3049=LINE('',#4797,#3333);
#3050=LINE('',#4800,#3334);
#3051=LINE('',#4805,#3335);
#3052=LINE('',#4809,#3336);
#3053=LINE('',#4811,#3337);
#3054=LINE('',#4813,#3338);
#3055=LINE('',#4815,#3339);
#3056=LINE('',#4817,#3340);
#3057=LINE('',#4818,#3341);
#3058=LINE('',#4820,#3342);
#3059=LINE('',#4822,#3343);
#3060=LINE('',#4825,#3344);
#3061=LINE('',#4826,#3345);
#3062=LINE('',#4828,#3346);
#3063=LINE('',#4830,#3347);
#3064=LINE('',#4833,#3348);
#3065=LINE('',#4834,#3349);
#3066=LINE('',#4836,#3350);
#3067=LINE('',#4838,#3351);
#3068=LINE('',#4841,#3352);
#3069=LINE('',#4842,#3353);
#3070=LINE('',#4844,#3354);
#3071=LINE('',#4846,#3355);
#3072=LINE('',#4849,#3356);
#3073=LINE('',#4850,#3357);
#3074=LINE('',#4852,#3358);
#3075=LINE('',#4854,#3359);
#3076=LINE('',#4857,#3360);
#3077=LINE('',#4859,#3361);
#3078=LINE('',#4879,#3362);
#3079=LINE('',#4881,#3363);
#3080=LINE('',#4883,#3364);
#3081=LINE('',#4935,#3365);
#3082=LINE('',#4938,#3366);
#3083=LINE('',#4940,#3367);
#3084=LINE('',#4942,#3368);
#3085=LINE('',#4944,#3369);
#3086=LINE('',#4946,#3370);
#3087=LINE('',#4947,#3371);
#3088=LINE('',#4950,#3372);
#3089=LINE('',#4952,#3373);
#3090=LINE('',#4954,#3374);
#3091=LINE('',#4956,#3375);
#3092=LINE('',#4959,#3376);
#3093=LINE('',#4961,#3377);
#3094=LINE('',#4963,#3378);
#3095=LINE('',#4965,#3379);
#3096=LINE('',#4967,#3380);
#3097=LINE('',#4968,#3381);
#3098=LINE('',#4971,#3382);
#3099=LINE('',#4973,#3383);
#3100=LINE('',#4975,#3384);
#3101=LINE('',#4982,#3385);
#3102=LINE('',#4985,#3386);
#3103=LINE('',#4987,#3387);
#3104=LINE('',#4989,#3388);
#3105=LINE('',#4991,#3389);
#3106=LINE('',#4994,#3390);
#3107=LINE('',#4998,#3391);
#3108=LINE('',#5002,#3392);
#3109=LINE('',#5008,#3393);
#3110=LINE('',#5011,#3394);
#3111=LINE('',#5012,#3395);
#3112=LINE('',#5014,#3396);
#3113=LINE('',#5016,#3397);
#3114=LINE('',#5018,#3398);
#3115=LINE('',#5020,#3399);
#3116=LINE('',#5025,#3400);
#3117=LINE('',#5027,#3401);
#3118=LINE('',#5030,#3402);
#3119=LINE('',#5032,#3403);
#3120=LINE('',#5034,#3404);
#3121=LINE('',#5035,#3405);
#3122=LINE('',#5037,#3406);
#3123=LINE('',#5038,#3407);
#3124=LINE('',#5040,#3408);
#3125=LINE('',#5043,#3409);
#3126=LINE('',#5045,#3410);
#3127=LINE('',#5047,#3411);
#3128=LINE('',#5048,#3412);
#3129=LINE('',#5051,#3413);
#3130=LINE('',#5053,#3414);
#3131=LINE('',#5055,#3415);
#3132=LINE('',#5060,#3416);
#3133=LINE('',#5062,#3417);
#3134=LINE('',#5063,#3418);
#3135=LINE('',#5065,#3419);
#3136=LINE('',#5067,#3420);
#3137=LINE('',#5069,#3421);
#3138=LINE('',#5071,#3422);
#3139=LINE('',#5073,#3423);
#3140=LINE('',#5074,#3424);
#3141=LINE('',#5075,#3425);
#3142=LINE('',#5077,#3426);
#3143=LINE('',#5083,#3427);
#3144=LINE('',#5095,#3428);
#3145=LINE('',#5098,#3429);
#3146=LINE('',#5100,#3430);
#3147=LINE('',#5102,#3431);
#3148=LINE('',#5104,#3432);
#3149=LINE('',#5105,#3433);
#3150=LINE('',#5107,#3434);
#3151=LINE('',#5109,#3435);
#3152=LINE('',#5112,#3436);
#3153=LINE('',#5115,#3437);
#3154=LINE('',#5117,#3438);
#3155=LINE('',#5119,#3439);
#3156=LINE('',#5121,#3440);
#3157=LINE('',#5122,#3441);
#3158=LINE('',#5124,#3442);
#3159=LINE('',#5126,#3443);
#3160=LINE('',#5139,#3444);
#3161=LINE('',#5142,#3445);
#3162=LINE('',#5144,#3446);
#3163=LINE('',#5146,#3447);
#3164=LINE('',#5151,#3448);
#3165=LINE('',#5152,#3449);
#3166=LINE('',#5154,#3450);
#3167=LINE('',#5156,#3451);
#3168=LINE('',#5158,#3452);
#3169=LINE('',#5160,#3453);
#3170=LINE('',#5162,#3454);
#3171=LINE('',#5164,#3455);
#3172=LINE('',#5167,#3456);
#3173=LINE('',#5170,#3457);
#3174=LINE('',#5172,#3458);
#3175=LINE('',#5174,#3459);
#3176=LINE('',#5176,#3460);
#3177=LINE('',#5177,#3461);
#3178=LINE('',#5179,#3462);
#3179=LINE('',#5181,#3463);
#3180=LINE('',#5184,#3464);
#3181=LINE('',#5187,#3465);
#3182=LINE('',#5189,#3466);
#3183=LINE('',#5191,#3467);
#3184=LINE('',#5193,#3468);
#3185=LINE('',#5194,#3469);
#3186=LINE('',#5196,#3470);
#3187=LINE('',#5198,#3471);
#3188=LINE('',#5246,#3472);
#3189=LINE('',#5249,#3473);
#3190=LINE('',#5251,#3474);
#3191=LINE('',#5253,#3475);
#3192=LINE('',#5255,#3476);
#3193=LINE('',#5257,#3477);
#3194=LINE('',#5259,#3478);
#3195=LINE('',#5261,#3479);
#3196=LINE('',#5263,#3480);
#3197=LINE('',#5265,#3481);
#3198=LINE('',#5267,#3482);
#3199=LINE('',#5269,#3483);
#3200=LINE('',#5271,#3484);
#3201=LINE('',#5273,#3485);
#3202=LINE('',#5275,#3486);
#3203=LINE('',#5277,#3487);
#3204=LINE('',#5279,#3488);
#3205=LINE('',#5281,#3489);
#3206=LINE('',#5282,#3490);
#3207=LINE('',#5284,#3491);
#3208=LINE('',#5286,#3492);
#3209=LINE('',#5288,#3493);
#3210=LINE('',#5290,#3494);
#3211=LINE('',#5292,#3495);
#3212=LINE('',#5294,#3496);
#3213=LINE('',#5295,#3497);
#3214=LINE('',#5300,#3498);
#3215=LINE('',#5302,#3499);
#3216=LINE('',#5304,#3500);
#3217=LINE('',#5306,#3501);
#3218=LINE('',#5308,#3502);
#3219=LINE('',#5311,#3503);
#3220=LINE('',#5313,#3504);
#3221=LINE('',#5315,#3505);
#3222=LINE('',#5317,#3506);
#3223=LINE('',#5319,#3507);
#3224=LINE('',#5335,#3508);
#3225=LINE('',#5338,#3509);
#3226=LINE('',#5340,#3510);
#3227=LINE('',#5342,#3511);
#3228=LINE('',#5346,#3512);
#3229=LINE('',#5348,#3513);
#3230=LINE('',#5350,#3514);
#3231=LINE('',#5352,#3515);
#3232=LINE('',#5355,#3516);
#3233=LINE('',#5357,#3517);
#3234=LINE('',#5359,#3518);
#3235=LINE('',#5363,#3519);
#3236=LINE('',#5365,#3520);
#3237=LINE('',#5367,#3521);
#3238=LINE('',#5369,#3522);
#3239=LINE('',#5372,#3523);
#3240=LINE('',#5373,#3524);
#3241=LINE('',#5375,#3525);
#3242=LINE('',#5377,#3526);
#3243=LINE('',#5379,#3527);
#3244=LINE('',#5382,#3528);
#3245=LINE('',#5384,#3529);
#3246=LINE('',#5386,#3530);
#3247=LINE('',#5388,#3531);
#3248=LINE('',#5391,#3532);
#3249=LINE('',#5392,#3533);
#3250=LINE('',#5394,#3534);
#3251=LINE('',#5396,#3535);
#3252=LINE('',#5398,#3536);
#3253=LINE('',#5400,#3537);
#3254=LINE('',#5404,#3538);
#3255=LINE('',#5406,#3539);
#3256=LINE('',#5408,#3540);
#3257=LINE('',#5410,#3541);
#3258=LINE('',#5412,#3542);
#3259=LINE('',#5414,#3543);
#3260=LINE('',#5416,#3544);
#3261=LINE('',#5418,#3545);
#3262=LINE('',#5421,#3546);
#3263=LINE('',#5423,#3547);
#3264=LINE('',#5425,#3548);
#3265=LINE('',#5426,#3549);
#3266=LINE('',#5427,#3550);
#3267=LINE('',#5429,#3551);
#3268=LINE('',#5432,#3552);
#3269=LINE('',#5433,#3553);
#3270=LINE('',#5435,#3554);
#3271=LINE('',#5438,#3555);
#3272=LINE('',#5439,#3556);
#3273=LINE('',#5441,#3557);
#3274=LINE('',#5442,#3558);
#3275=LINE('',#5443,#3559);
#3276=LINE('',#5445,#3560);
#3277=LINE('',#5447,#3561);
#3278=LINE('',#5449,#3562);
#3279=LINE('',#5451,#3563);
#3280=LINE('',#5453,#3564);
#3281=LINE('',#5455,#3565);
#3282=LINE('',#5459,#3566);
#3283=LINE('',#5461,#3567);
#3284=LINE('',#5464,#3568);
#3285=LINE('',#5465,#3569);
#3286=VECTOR('',#3840,1.);
#3287=VECTOR('',#3841,1.);
#3288=VECTOR('',#3842,1.);
#3289=VECTOR('',#3843,1.);
#3290=VECTOR('',#3844,1.);
#3291=VECTOR('',#3845,1.);
#3292=VECTOR('',#3846,1.);
#3293=VECTOR('',#3847,1.);
#3294=VECTOR('',#3850,1.);
#3295=VECTOR('',#3851,1.);
#3296=VECTOR('',#3852,1.);
#3297=VECTOR('',#3853,1.);
#3298=VECTOR('',#3854,1.);
#3299=VECTOR('',#3855,1.);
#3300=VECTOR('',#3856,1.);
#3301=VECTOR('',#3857,1.);
#3302=VECTOR('',#3860,1.);
#3303=VECTOR('',#3861,1.);
#3304=VECTOR('',#3862,1.);
#3305=VECTOR('',#3863,1.);
#3306=VECTOR('',#3864,1.);
#3307=VECTOR('',#3865,1.);
#3308=VECTOR('',#3866,1.);
#3309=VECTOR('',#3871,1.);
#3310=VECTOR('',#3874,1.);
#3311=VECTOR('',#3877,1.);
#3312=VECTOR('',#3880,1.);
#3313=VECTOR('',#3883,1.);
#3314=VECTOR('',#3886,1.);
#3315=VECTOR('',#3889,1.);
#3316=VECTOR('',#3890,1.);
#3317=VECTOR('',#3895,1.);
#3318=VECTOR('',#3896,1.);
#3319=VECTOR('',#3901,1.);
#3320=VECTOR('',#3904,1.);
#3321=VECTOR('',#3907,1.);
#3322=VECTOR('',#3910,1.);
#3323=VECTOR('',#3913,1.);
#3324=VECTOR('',#3916,1.);
#3325=VECTOR('',#3921,1.);
#3326=VECTOR('',#3924,1.);
#3327=VECTOR('',#3927,1.);
#3328=VECTOR('',#3930,1.);
#3329=VECTOR('',#3933,1.);
#3330=VECTOR('',#3936,1.);
#3331=VECTOR('',#3941,1.);
#3332=VECTOR('',#3944,1.);
#3333=VECTOR('',#3947,1.);
#3334=VECTOR('',#3950,1.);
#3335=VECTOR('',#3953,1.);
#3336=VECTOR('',#3958,1.);
#3337=VECTOR('',#3961,1.);
#3338=VECTOR('',#3962,1.);
#3339=VECTOR('',#3963,1.);
#3340=VECTOR('',#3966,1.);
#3341=VECTOR('',#3967,1.);
#3342=VECTOR('',#3970,1.);
#3343=VECTOR('',#3973,1.);
#3344=VECTOR('',#3978,1.);
#3345=VECTOR('',#3979,1.);
#3346=VECTOR('',#3982,1.);
#3347=VECTOR('',#3985,1.);
#3348=VECTOR('',#3990,1.);
#3349=VECTOR('',#3991,1.);
#3350=VECTOR('',#3994,1.);
#3351=VECTOR('',#3997,1.);
#3352=VECTOR('',#4002,1.);
#3353=VECTOR('',#4003,1.);
#3354=VECTOR('',#4006,1.);
#3355=VECTOR('',#4009,1.);
#3356=VECTOR('',#4014,1.);
#3357=VECTOR('',#4015,1.);
#3358=VECTOR('',#4018,1.);
#3359=VECTOR('',#4021,1.);
#3360=VECTOR('',#4026,1.);
#3361=VECTOR('',#4027,1.);
#3362=VECTOR('',#4048,1.);
#3363=VECTOR('',#4049,1.);
#3364=VECTOR('',#4052,1.);
#3365=VECTOR('',#4129,1.);
#3366=VECTOR('',#4130,1.);
#3367=VECTOR('',#4131,1.);
#3368=VECTOR('',#4132,1.);
#3369=VECTOR('',#4133,1.);
#3370=VECTOR('',#4134,1.);
#3371=VECTOR('',#4135,1.);
#3372=VECTOR('',#4136,1.);
#3373=VECTOR('',#4137,1.);
#3374=VECTOR('',#4138,1.);
#3375=VECTOR('',#4141,1.);
#3376=VECTOR('',#4142,1.);
#3377=VECTOR('',#4143,1.);
#3378=VECTOR('',#4144,1.);
#3379=VECTOR('',#4145,1.);
#3380=VECTOR('',#4146,1.);
#3381=VECTOR('',#4147,1.);
#3382=VECTOR('',#4148,1.);
#3383=VECTOR('',#4149,1.);
#3384=VECTOR('',#4150,1.);
#3385=VECTOR('',#4159,1.);
#3386=VECTOR('',#4160,1.);
#3387=VECTOR('',#4161,1.);
#3388=VECTOR('',#4162,1.);
#3389=VECTOR('',#4165,1.);
#3390=VECTOR('',#4166,1.);
#3391=VECTOR('',#4169,1.);
#3392=VECTOR('',#4172,1.);
#3393=VECTOR('',#4179,1.);
#3394=VECTOR('',#4180,1.);
#3395=VECTOR('',#4181,1.);
#3396=VECTOR('',#4182,1.);
#3397=VECTOR('',#4183,1.);
#3398=VECTOR('',#4184,1.);
#3399=VECTOR('',#4185,1.);
#3400=VECTOR('',#4190,1.);
#3401=VECTOR('',#4191,1.);
#3402=VECTOR('',#4194,1.);
#3403=VECTOR('',#4197,1.);
#3404=VECTOR('',#4198,1.);
#3405=VECTOR('',#4199,1.);
#3406=VECTOR('',#4200,1.);
#3407=VECTOR('',#4201,1.);
#3408=VECTOR('',#4204,1.);
#3409=VECTOR('',#4205,1.);
#3410=VECTOR('',#4206,1.);
#3411=VECTOR('',#4207,1.);
#3412=VECTOR('',#4208,1.);
#3413=VECTOR('',#4209,1.);
#3414=VECTOR('',#4210,1.);
#3415=VECTOR('',#4211,1.);
#3416=VECTOR('',#4216,1.);
#3417=VECTOR('',#4219,1.);
#3418=VECTOR('',#4220,1.);
#3419=VECTOR('',#4223,1.);
#3420=VECTOR('',#4224,1.);
#3421=VECTOR('',#4227,1.);
#3422=VECTOR('',#4228,1.);
#3423=VECTOR('',#4229,1.);
#3424=VECTOR('',#4230,1.);
#3425=VECTOR('',#4231,1.);
#3426=VECTOR('',#4232,1.);
#3427=VECTOR('',#4241,1.);
#3428=VECTOR('',#4262,1.);
#3429=VECTOR('',#4263,1.);
#3430=VECTOR('',#4264,1.);
#3431=VECTOR('',#4265,1.);
#3432=VECTOR('',#4268,1.);
#3433=VECTOR('',#4269,1.);
#3434=VECTOR('',#4272,1.);
#3435=VECTOR('',#4275,1.);
#3436=VECTOR('',#4280,1.);
#3437=VECTOR('',#4281,1.);
#3438=VECTOR('',#4282,1.);
#3439=VECTOR('',#4283,1.);
#3440=VECTOR('',#4286,1.);
#3441=VECTOR('',#4287,1.);
#3442=VECTOR('',#4290,1.);
#3443=VECTOR('',#4293,1.);
#3444=VECTOR('',#4310,1.);
#3445=VECTOR('',#4311,1.);
#3446=VECTOR('',#4312,1.);
#3447=VECTOR('',#4313,1.);
#3448=VECTOR('',#4322,1.);
#3449=VECTOR('',#4323,1.);
#3450=VECTOR('',#4326,1.);
#3451=VECTOR('',#4329,1.);
#3452=VECTOR('',#4332,1.);
#3453=VECTOR('',#4335,1.);
#3454=VECTOR('',#4338,1.);
#3455=VECTOR('',#4341,1.);
#3456=VECTOR('',#4346,1.);
#3457=VECTOR('',#4347,1.);
#3458=VECTOR('',#4348,1.);
#3459=VECTOR('',#4349,1.);
#3460=VECTOR('',#4352,1.);
#3461=VECTOR('',#4353,1.);
#3462=VECTOR('',#4356,1.);
#3463=VECTOR('',#4359,1.);
#3464=VECTOR('',#4364,1.);
#3465=VECTOR('',#4365,1.);
#3466=VECTOR('',#4366,1.);
#3467=VECTOR('',#4367,1.);
#3468=VECTOR('',#4370,1.);
#3469=VECTOR('',#4371,1.);
#3470=VECTOR('',#4374,1.);
#3471=VECTOR('',#4377,1.);
#3472=VECTOR('',#4442,1.);
#3473=VECTOR('',#4443,1.);
#3474=VECTOR('',#4444,1.);
#3475=VECTOR('',#4445,1.);
#3476=VECTOR('',#4446,1.);
#3477=VECTOR('',#4447,1.);
#3478=VECTOR('',#4448,1.);
#3479=VECTOR('',#4449,1.);
#3480=VECTOR('',#4450,1.);
#3481=VECTOR('',#4451,1.);
#3482=VECTOR('',#4452,1.);
#3483=VECTOR('',#4453,1.);
#3484=VECTOR('',#4456,1.);
#3485=VECTOR('',#4457,1.);
#3486=VECTOR('',#4458,1.);
#3487=VECTOR('',#4461,1.);
#3488=VECTOR('',#4462,1.);
#3489=VECTOR('',#4463,1.);
#3490=VECTOR('',#4464,1.);
#3491=VECTOR('',#4465,1.);
#3492=VECTOR('',#4468,1.);
#3493=VECTOR('',#4469,1.);
#3494=VECTOR('',#4472,1.);
#3495=VECTOR('',#4473,1.);
#3496=VECTOR('',#4474,1.);
#3497=VECTOR('',#4475,1.);
#3498=VECTOR('',#4482,1.);
#3499=VECTOR('',#4483,1.);
#3500=VECTOR('',#4486,1.);
#3501=VECTOR('',#4487,1.);
#3502=VECTOR('',#4490,1.);
#3503=VECTOR('',#4495,1.);
#3504=VECTOR('',#4496,1.);
#3505=VECTOR('',#4499,1.);
#3506=VECTOR('',#4500,1.);
#3507=VECTOR('',#4503,1.);
#3508=VECTOR('',#4526,1.);
#3509=VECTOR('',#4527,1.);
#3510=VECTOR('',#4528,1.);
#3511=VECTOR('',#4529,1.);
#3512=VECTOR('',#4532,1.);
#3513=VECTOR('',#4533,1.);
#3514=VECTOR('',#4534,1.);
#3515=VECTOR('',#4537,1.);
#3516=VECTOR('',#4538,1.);
#3517=VECTOR('',#4539,1.);
#3518=VECTOR('',#4540,1.);
#3519=VECTOR('',#4543,1.);
#3520=VECTOR('',#4544,1.);
#3521=VECTOR('',#4545,1.);
#3522=VECTOR('',#4548,1.);
#3523=VECTOR('',#4549,1.);
#3524=VECTOR('',#4550,1.);
#3525=VECTOR('',#4553,1.);
#3526=VECTOR('',#4554,1.);
#3527=VECTOR('',#4557,1.);
#3528=VECTOR('',#4558,1.);
#3529=VECTOR('',#4559,1.);
#3530=VECTOR('',#4560,1.);
#3531=VECTOR('',#4563,1.);
#3532=VECTOR('',#4564,1.);
#3533=VECTOR('',#4565,1.);
#3534=VECTOR('',#4568,1.);
#3535=VECTOR('',#4569,1.);
#3536=VECTOR('',#4572,1.);
#3537=VECTOR('',#4573,1.);
#3538=VECTOR('',#4578,1.);
#3539=VECTOR('',#4581,1.);
#3540=VECTOR('',#4582,1.);
#3541=VECTOR('',#4585,1.);
#3542=VECTOR('',#4586,1.);
#3543=VECTOR('',#4589,1.);
#3544=VECTOR('',#4590,1.);
#3545=VECTOR('',#4593,1.);
#3546=VECTOR('',#4594,1.);
#3547=VECTOR('',#4595,1.);
#3548=VECTOR('',#4596,1.);
#3549=VECTOR('',#4597,1.);
#3550=VECTOR('',#4598,1.);
#3551=VECTOR('',#4601,1.);
#3552=VECTOR('',#4602,1.);
#3553=VECTOR('',#4603,1.);
#3554=VECTOR('',#4606,1.);
#3555=VECTOR('',#4607,1.);
#3556=VECTOR('',#4608,1.);
#3557=VECTOR('',#4609,1.);
#3558=VECTOR('',#4610,1.);
#3559=VECTOR('',#4611,1.);
#3560=VECTOR('',#4614,1.);
#3561=VECTOR('',#4615,1.);
#3562=VECTOR('',#4618,1.);
#3563=VECTOR('',#4619,1.);
#3564=VECTOR('',#4622,1.);
#3565=VECTOR('',#4623,1.);
#3566=VECTOR('',#4628,1.);
#3567=VECTOR('',#4631,1.);
#3568=VECTOR('',#4636,1.);
#3569=VECTOR('',#4637,1.);
#3570=AXIS2_PLACEMENT_3D('',#4658,#3838,#3839);
#3571=AXIS2_PLACEMENT_3D('',#4675,#3848,#3849);
#3572=AXIS2_PLACEMENT_3D('',#4692,#3858,#3859);
#3573=AXIS2_PLACEMENT_3D('',#4706,#3867,#3868);
#3574=AXIS2_PLACEMENT_3D('',#4707,#3869,#3870);
#3575=AXIS2_PLACEMENT_3D('',#4712,#3872,#3873);
#3576=AXIS2_PLACEMENT_3D('',#4715,#3875,#3876);
#3577=AXIS2_PLACEMENT_3D('',#4720,#3878,#3879);
#3578=AXIS2_PLACEMENT_3D('',#4723,#3881,#3882);
#3579=AXIS2_PLACEMENT_3D('',#4728,#3884,#3885);
#3580=AXIS2_PLACEMENT_3D('',#4731,#3887,#3888);
#3581=AXIS2_PLACEMENT_3D('',#4736,#3891,#3892);
#3582=AXIS2_PLACEMENT_3D('',#4737,#3893,#3894);
#3583=AXIS2_PLACEMENT_3D('',#4741,#3897,#3898);
#3584=AXIS2_PLACEMENT_3D('',#4742,#3899,#3900);
#3585=AXIS2_PLACEMENT_3D('',#4747,#3902,#3903);
#3586=AXIS2_PLACEMENT_3D('',#4750,#3905,#3906);
#3587=AXIS2_PLACEMENT_3D('',#4755,#3908,#3909);
#3588=AXIS2_PLACEMENT_3D('',#4758,#3911,#3912);
#3589=AXIS2_PLACEMENT_3D('',#4763,#3914,#3915);
#3590=AXIS2_PLACEMENT_3D('',#4766,#3917,#3918);
#3591=AXIS2_PLACEMENT_3D('',#4767,#3919,#3920);
#3592=AXIS2_PLACEMENT_3D('',#4770,#3922,#3923);
#3593=AXIS2_PLACEMENT_3D('',#4772,#3925,#3926);
#3594=AXIS2_PLACEMENT_3D('',#4776,#3928,#3929);
#3595=AXIS2_PLACEMENT_3D('',#4780,#3931,#3932);
#3596=AXIS2_PLACEMENT_3D('',#4784,#3934,#3935);
#3597=AXIS2_PLACEMENT_3D('',#4788,#3937,#3938);
#3598=AXIS2_PLACEMENT_3D('',#4789,#3939,#3940);
#3599=AXIS2_PLACEMENT_3D('',#4791,#3942,#3943);
#3600=AXIS2_PLACEMENT_3D('',#4795,#3945,#3946);
#3601=AXIS2_PLACEMENT_3D('',#4799,#3948,#3949);
#3602=AXIS2_PLACEMENT_3D('',#4803,#3951,#3952);
#3603=AXIS2_PLACEMENT_3D('',#4807,#3954,#3955);
#3604=AXIS2_PLACEMENT_3D('',#4808,#3956,#3957);
#3605=AXIS2_PLACEMENT_3D('',#4810,#3959,#3960);
#3606=AXIS2_PLACEMENT_3D('',#4816,#3964,#3965);
#3607=AXIS2_PLACEMENT_3D('',#4819,#3968,#3969);
#3608=AXIS2_PLACEMENT_3D('',#4821,#3971,#3972);
#3609=AXIS2_PLACEMENT_3D('',#4823,#3974,#3975);
#3610=AXIS2_PLACEMENT_3D('',#4824,#3976,#3977);
#3611=AXIS2_PLACEMENT_3D('',#4827,#3980,#3981);
#3612=AXIS2_PLACEMENT_3D('',#4829,#3983,#3984);
#3613=AXIS2_PLACEMENT_3D('',#4831,#3986,#3987);
#3614=AXIS2_PLACEMENT_3D('',#4832,#3988,#3989);
#3615=AXIS2_PLACEMENT_3D('',#4835,#3992,#3993);
#3616=AXIS2_PLACEMENT_3D('',#4837,#3995,#3996);
#3617=AXIS2_PLACEMENT_3D('',#4839,#3998,#3999);
#3618=AXIS2_PLACEMENT_3D('',#4840,#4000,#4001);
#3619=AXIS2_PLACEMENT_3D('',#4843,#4004,#4005);
#3620=AXIS2_PLACEMENT_3D('',#4845,#4007,#4008);
#3621=AXIS2_PLACEMENT_3D('',#4847,#4010,#4011);
#3622=AXIS2_PLACEMENT_3D('',#4848,#4012,#4013);
#3623=AXIS2_PLACEMENT_3D('',#4851,#4016,#4017);
#3624=AXIS2_PLACEMENT_3D('',#4853,#4019,#4020);
#3625=AXIS2_PLACEMENT_3D('',#4855,#4022,#4023);
#3626=AXIS2_PLACEMENT_3D('',#4856,#4024,#4025);
#3627=AXIS2_PLACEMENT_3D('',#4860,#4028,#4029);
#3628=AXIS2_PLACEMENT_3D('',#4861,#4030,#4031);
#3629=AXIS2_PLACEMENT_3D('',#4863,#4032,#4033);
#3630=AXIS2_PLACEMENT_3D('',#4865,#4034,#4035);
#3631=AXIS2_PLACEMENT_3D('',#4867,#4036,#4037);
#3632=AXIS2_PLACEMENT_3D('',#4869,#4038,#4039);
#3633=AXIS2_PLACEMENT_3D('',#4871,#4040,#4041);
#3634=AXIS2_PLACEMENT_3D('',#4873,#4042,#4043);
#3635=AXIS2_PLACEMENT_3D('',#4875,#4044,#4045);
#3636=AXIS2_PLACEMENT_3D('',#4877,#4046,#4047);
#3637=AXIS2_PLACEMENT_3D('',#4882,#4050,#4051);
#3638=AXIS2_PLACEMENT_3D('',#4884,#4053,#4054);
#3639=AXIS2_PLACEMENT_3D('',#4885,#4055,#4056);
#3640=AXIS2_PLACEMENT_3D('',#4886,#4057,#4058);
#3641=AXIS2_PLACEMENT_3D('',#4888,#4059,#4060);
#3642=AXIS2_PLACEMENT_3D('',#4889,#4061,#4062);
#3643=AXIS2_PLACEMENT_3D('',#4890,#4063,#4064);
#3644=AXIS2_PLACEMENT_3D('',#4892,#4065,#4066);
#3645=AXIS2_PLACEMENT_3D('',#4893,#4067,#4068);
#3646=AXIS2_PLACEMENT_3D('',#4894,#4069,#4070);
#3647=AXIS2_PLACEMENT_3D('',#4896,#4071,#4072);
#3648=AXIS2_PLACEMENT_3D('',#4897,#4073,#4074);
#3649=AXIS2_PLACEMENT_3D('',#4898,#4075,#4076);
#3650=AXIS2_PLACEMENT_3D('',#4900,#4077,#4078);
#3651=AXIS2_PLACEMENT_3D('',#4901,#4079,#4080);
#3652=AXIS2_PLACEMENT_3D('',#4902,#4081,#4082);
#3653=AXIS2_PLACEMENT_3D('',#4904,#4083,#4084);
#3654=AXIS2_PLACEMENT_3D('',#4905,#4085,#4086);
#3655=AXIS2_PLACEMENT_3D('',#4906,#4087,#4088);
#3656=AXIS2_PLACEMENT_3D('',#4908,#4089,#4090);
#3657=AXIS2_PLACEMENT_3D('',#4909,#4091,#4092);
#3658=AXIS2_PLACEMENT_3D('',#4910,#4093,#4094);
#3659=AXIS2_PLACEMENT_3D('',#4912,#4095,#4096);
#3660=AXIS2_PLACEMENT_3D('',#4913,#4097,#4098);
#3661=AXIS2_PLACEMENT_3D('',#4914,#4099,#4100);
#3662=AXIS2_PLACEMENT_3D('',#4916,#4101,#4102);
#3663=AXIS2_PLACEMENT_3D('',#4917,#4103,#4104);
#3664=AXIS2_PLACEMENT_3D('',#4918,#4105,#4106);
#3665=AXIS2_PLACEMENT_3D('',#4920,#4107,#4108);
#3666=AXIS2_PLACEMENT_3D('',#4921,#4109,#4110);
#3667=AXIS2_PLACEMENT_3D('',#4922,#4111,#4112);
#3668=AXIS2_PLACEMENT_3D('',#4923,#4113,#4114);
#3669=AXIS2_PLACEMENT_3D('',#4924,#4115,#4116);
#3670=AXIS2_PLACEMENT_3D('',#4925,#4117,#4118);
#3671=AXIS2_PLACEMENT_3D('',#4927,#4119,#4120);
#3672=AXIS2_PLACEMENT_3D('',#4929,#4121,#4122);
#3673=AXIS2_PLACEMENT_3D('',#4930,#4123,#4124);
#3674=AXIS2_PLACEMENT_3D('',#4932,#4125,#4126);
#3675=AXIS2_PLACEMENT_3D('',#4934,#4127,#4128);
#3676=AXIS2_PLACEMENT_3D('',#4955,#4139,#4140);
#3677=AXIS2_PLACEMENT_3D('',#4976,#4151,#4152);
#3678=AXIS2_PLACEMENT_3D('',#4977,#4153,#4154);
#3679=AXIS2_PLACEMENT_3D('',#4979,#4155,#4156);
#3680=AXIS2_PLACEMENT_3D('',#4981,#4157,#4158);
#3681=AXIS2_PLACEMENT_3D('',#4990,#4163,#4164);
#3682=AXIS2_PLACEMENT_3D('',#4996,#4167,#4168);
#3683=AXIS2_PLACEMENT_3D('',#5000,#4170,#4171);
#3684=AXIS2_PLACEMENT_3D('',#5003,#4173,#4174);
#3685=AXIS2_PLACEMENT_3D('',#5004,#4175,#4176);
#3686=AXIS2_PLACEMENT_3D('',#5006,#4177,#4178);
#3687=AXIS2_PLACEMENT_3D('',#5021,#4186,#4187);
#3688=AXIS2_PLACEMENT_3D('',#5022,#4188,#4189);
#3689=AXIS2_PLACEMENT_3D('',#5028,#4192,#4193);
#3690=AXIS2_PLACEMENT_3D('',#5031,#4195,#4196);
#3691=AXIS2_PLACEMENT_3D('',#5039,#4202,#4203);
#3692=AXIS2_PLACEMENT_3D('',#5056,#4212,#4213);
#3693=AXIS2_PLACEMENT_3D('',#5058,#4214,#4215);
#3694=AXIS2_PLACEMENT_3D('',#5061,#4217,#4218);
#3695=AXIS2_PLACEMENT_3D('',#5064,#4221,#4222);
#3696=AXIS2_PLACEMENT_3D('',#5068,#4225,#4226);
#3697=AXIS2_PLACEMENT_3D('',#5078,#4233,#4234);
#3698=AXIS2_PLACEMENT_3D('',#5079,#4235,#4236);
#3699=AXIS2_PLACEMENT_3D('',#5081,#4237,#4238);
#3700=AXIS2_PLACEMENT_3D('',#5082,#4239,#4240);
#3701=AXIS2_PLACEMENT_3D('',#5084,#4242,#4243);
#3702=AXIS2_PLACEMENT_3D('',#5085,#4244,#4245);
#3703=AXIS2_PLACEMENT_3D('',#5086,#4246,#4247);
#3704=AXIS2_PLACEMENT_3D('',#5087,#4248,#4249);
#3705=AXIS2_PLACEMENT_3D('',#5088,#4250,#4251);
#3706=AXIS2_PLACEMENT_3D('',#5089,#4252,#4253);
#3707=AXIS2_PLACEMENT_3D('',#5090,#4254,#4255);
#3708=AXIS2_PLACEMENT_3D('',#5091,#4256,#4257);
#3709=AXIS2_PLACEMENT_3D('',#5092,#4258,#4259);
#3710=AXIS2_PLACEMENT_3D('',#5094,#4260,#4261);
#3711=AXIS2_PLACEMENT_3D('',#5103,#4266,#4267);
#3712=AXIS2_PLACEMENT_3D('',#5106,#4270,#4271);
#3713=AXIS2_PLACEMENT_3D('',#5108,#4273,#4274);
#3714=AXIS2_PLACEMENT_3D('',#5110,#4276,#4277);
#3715=AXIS2_PLACEMENT_3D('',#5111,#4278,#4279);
#3716=AXIS2_PLACEMENT_3D('',#5120,#4284,#4285);
#3717=AXIS2_PLACEMENT_3D('',#5123,#4288,#4289);
#3718=AXIS2_PLACEMENT_3D('',#5125,#4291,#4292);
#3719=AXIS2_PLACEMENT_3D('',#5127,#4294,#4295);
#3720=AXIS2_PLACEMENT_3D('',#5128,#4296,#4297);
#3721=AXIS2_PLACEMENT_3D('',#5129,#4298,#4299);
#3722=AXIS2_PLACEMENT_3D('',#5131,#4300,#4301);
#3723=AXIS2_PLACEMENT_3D('',#5133,#4302,#4303);
#3724=AXIS2_PLACEMENT_3D('',#5134,#4304,#4305);
#3725=AXIS2_PLACEMENT_3D('',#5136,#4306,#4307);
#3726=AXIS2_PLACEMENT_3D('',#5138,#4308,#4309);
#3727=AXIS2_PLACEMENT_3D('',#5147,#4314,#4315);
#3728=AXIS2_PLACEMENT_3D('',#5148,#4316,#4317);
#3729=AXIS2_PLACEMENT_3D('',#5149,#4318,#4319);
#3730=AXIS2_PLACEMENT_3D('',#5150,#4320,#4321);
#3731=AXIS2_PLACEMENT_3D('',#5153,#4324,#4325);
#3732=AXIS2_PLACEMENT_3D('',#5155,#4327,#4328);
#3733=AXIS2_PLACEMENT_3D('',#5157,#4330,#4331);
#3734=AXIS2_PLACEMENT_3D('',#5159,#4333,#4334);
#3735=AXIS2_PLACEMENT_3D('',#5161,#4336,#4337);
#3736=AXIS2_PLACEMENT_3D('',#5163,#4339,#4340);
#3737=AXIS2_PLACEMENT_3D('',#5165,#4342,#4343);
#3738=AXIS2_PLACEMENT_3D('',#5166,#4344,#4345);
#3739=AXIS2_PLACEMENT_3D('',#5175,#4350,#4351);
#3740=AXIS2_PLACEMENT_3D('',#5178,#4354,#4355);
#3741=AXIS2_PLACEMENT_3D('',#5180,#4357,#4358);
#3742=AXIS2_PLACEMENT_3D('',#5182,#4360,#4361);
#3743=AXIS2_PLACEMENT_3D('',#5183,#4362,#4363);
#3744=AXIS2_PLACEMENT_3D('',#5192,#4368,#4369);
#3745=AXIS2_PLACEMENT_3D('',#5195,#4372,#4373);
#3746=AXIS2_PLACEMENT_3D('',#5197,#4375,#4376);
#3747=AXIS2_PLACEMENT_3D('',#5199,#4378,#4379);
#3748=AXIS2_PLACEMENT_3D('',#5200,#4380,#4381);
#3749=AXIS2_PLACEMENT_3D('',#5201,#4382,#4383);
#3750=AXIS2_PLACEMENT_3D('',#5203,#4384,#4385);
#3751=AXIS2_PLACEMENT_3D('',#5205,#4386,#4387);
#3752=AXIS2_PLACEMENT_3D('',#5206,#4388,#4389);
#3753=AXIS2_PLACEMENT_3D('',#5208,#4390,#4391);
#3754=AXIS2_PLACEMENT_3D('',#5210,#4392,#4393);
#3755=AXIS2_PLACEMENT_3D('',#5211,#4394,#4395);
#3756=AXIS2_PLACEMENT_3D('',#5212,#4396,#4397);
#3757=AXIS2_PLACEMENT_3D('',#5214,#4398,#4399);
#3758=AXIS2_PLACEMENT_3D('',#5216,#4400,#4401);
#3759=AXIS2_PLACEMENT_3D('',#5217,#4402,#4403);
#3760=AXIS2_PLACEMENT_3D('',#5218,#4404,#4405);
#3761=AXIS2_PLACEMENT_3D('',#5220,#4406,#4407);
#3762=AXIS2_PLACEMENT_3D('',#5221,#4408,#4409);
#3763=AXIS2_PLACEMENT_3D('',#5222,#4410,#4411);
#3764=AXIS2_PLACEMENT_3D('',#5224,#4412,#4413);
#3765=AXIS2_PLACEMENT_3D('',#5226,#4414,#4415);
#3766=AXIS2_PLACEMENT_3D('',#5227,#4416,#4417);
#3767=AXIS2_PLACEMENT_3D('',#5229,#4418,#4419);
#3768=AXIS2_PLACEMENT_3D('',#5231,#4420,#4421);
#3769=AXIS2_PLACEMENT_3D('',#5232,#4422,#4423);
#3770=AXIS2_PLACEMENT_3D('',#5233,#4424,#4425);
#3771=AXIS2_PLACEMENT_3D('',#5235,#4426,#4427);
#3772=AXIS2_PLACEMENT_3D('',#5237,#4428,#4429);
#3773=AXIS2_PLACEMENT_3D('',#5238,#4430,#4431);
#3774=AXIS2_PLACEMENT_3D('',#5240,#4432,#4433);
#3775=AXIS2_PLACEMENT_3D('',#5242,#4434,#4435);
#3776=AXIS2_PLACEMENT_3D('',#5243,#4436,#4437);
#3777=AXIS2_PLACEMENT_3D('',#5244,#4438,#4439);
#3778=AXIS2_PLACEMENT_3D('',#5245,#4440,#4441);
#3779=AXIS2_PLACEMENT_3D('',#5270,#4454,#4455);
#3780=AXIS2_PLACEMENT_3D('',#5276,#4459,#4460);
#3781=AXIS2_PLACEMENT_3D('',#5285,#4466,#4467);
#3782=AXIS2_PLACEMENT_3D('',#5289,#4470,#4471);
#3783=AXIS2_PLACEMENT_3D('',#5296,#4476,#4477);
#3784=AXIS2_PLACEMENT_3D('',#5297,#4478,#4479);
#3785=AXIS2_PLACEMENT_3D('',#5299,#4480,#4481);
#3786=AXIS2_PLACEMENT_3D('',#5303,#4484,#4485);
#3787=AXIS2_PLACEMENT_3D('',#5307,#4488,#4489);
#3788=AXIS2_PLACEMENT_3D('',#5309,#4491,#4492);
#3789=AXIS2_PLACEMENT_3D('',#5310,#4493,#4494);
#3790=AXIS2_PLACEMENT_3D('',#5314,#4497,#4498);
#3791=AXIS2_PLACEMENT_3D('',#5318,#4501,#4502);
#3792=AXIS2_PLACEMENT_3D('',#5320,#4504,#4505);
#3793=AXIS2_PLACEMENT_3D('',#5321,#4506,#4507);
#3794=AXIS2_PLACEMENT_3D('',#5322,#4508,#4509);
#3795=AXIS2_PLACEMENT_3D('',#5324,#4510,#4511);
#3796=AXIS2_PLACEMENT_3D('',#5325,#4512,#4513);
#3797=AXIS2_PLACEMENT_3D('',#5327,#4514,#4515);
#3798=AXIS2_PLACEMENT_3D('',#5328,#4516,#4517);
#3799=AXIS2_PLACEMENT_3D('',#5330,#4518,#4519);
#3800=AXIS2_PLACEMENT_3D('',#5331,#4520,#4521);
#3801=AXIS2_PLACEMENT_3D('',#5333,#4522,#4523);
#3802=AXIS2_PLACEMENT_3D('',#5334,#4524,#4525);
#3803=AXIS2_PLACEMENT_3D('',#5344,#4530,#4531);
#3804=AXIS2_PLACEMENT_3D('',#5351,#4535,#4536);
#3805=AXIS2_PLACEMENT_3D('',#5361,#4541,#4542);
#3806=AXIS2_PLACEMENT_3D('',#5368,#4546,#4547);
#3807=AXIS2_PLACEMENT_3D('',#5374,#4551,#4552);
#3808=AXIS2_PLACEMENT_3D('',#5378,#4555,#4556);
#3809=AXIS2_PLACEMENT_3D('',#5387,#4561,#4562);
#3810=AXIS2_PLACEMENT_3D('',#5393,#4566,#4567);
#3811=AXIS2_PLACEMENT_3D('',#5397,#4570,#4571);
#3812=AXIS2_PLACEMENT_3D('',#5401,#4574,#4575);
#3813=AXIS2_PLACEMENT_3D('',#5402,#4576,#4577);
#3814=AXIS2_PLACEMENT_3D('',#5405,#4579,#4580);
#3815=AXIS2_PLACEMENT_3D('',#5409,#4583,#4584);
#3816=AXIS2_PLACEMENT_3D('',#5413,#4587,#4588);
#3817=AXIS2_PLACEMENT_3D('',#5417,#4591,#4592);
#3818=AXIS2_PLACEMENT_3D('',#5428,#4599,#4600);
#3819=AXIS2_PLACEMENT_3D('',#5434,#4604,#4605);
#3820=AXIS2_PLACEMENT_3D('',#5444,#4612,#4613);
#3821=AXIS2_PLACEMENT_3D('',#5448,#4616,#4617);
#3822=AXIS2_PLACEMENT_3D('',#5452,#4620,#4621);
#3823=AXIS2_PLACEMENT_3D('',#5456,#4624,#4625);
#3824=AXIS2_PLACEMENT_3D('',#5457,#4626,#4627);
#3825=AXIS2_PLACEMENT_3D('',#5460,#4629,#4630);
#3826=AXIS2_PLACEMENT_3D('',#5462,#4632,#4633);
#3827=AXIS2_PLACEMENT_3D('',#5463,#4634,#4635);
#3828=AXIS2_PLACEMENT_3D('',#5466,#4638,#4639);
#3829=AXIS2_PLACEMENT_3D('',#5467,#4640,#4641);
#3830=AXIS2_PLACEMENT_3D('',#5468,#4642,#4643);
#3831=AXIS2_PLACEMENT_3D('',#5469,#4644,#4645);
#3832=AXIS2_PLACEMENT_3D('',#5470,#4646,#4647);
#3833=AXIS2_PLACEMENT_3D('',#5471,#4648,#4649);
#3834=AXIS2_PLACEMENT_3D('',#5472,#4650,#4651);
#3835=AXIS2_PLACEMENT_3D('',#5473,#4652,#4653);
#3836=AXIS2_PLACEMENT_3D('',#5474,#4654,#4655);
#3837=AXIS2_PLACEMENT_3D('',#5475,#4656,#4657);
#3838=DIRECTION('',(0.,0.,1.));
#3839=DIRECTION('',(1.,0.,0.));
#3840=DIRECTION('',(0.,0.,-1.));
#3841=DIRECTION('',(-1.,0.,0.));
#3842=DIRECTION('',(0.,0.,-1.));
#3843=DIRECTION('',(1.,5.0010947252435E-16,0.));
#3844=DIRECTION('',(0.,0.,-1.));
#3845=DIRECTION('',(-1.,-5.0010947252435E-16,0.));
#3846=DIRECTION('',(0.,0.,-1.));
#3847=DIRECTION('',(1.,5.0010947252435E-16,0.));
#3848=DIRECTION('',(-5.0010947252435E-16,1.,0.));
#3849=DIRECTION('',(-1.,-4.9960036108132E-16,0.));
#3850=DIRECTION('',(0.,0.,-1.));
#3851=DIRECTION('',(-1.,0.,0.));
#3852=DIRECTION('',(0.,0.,1.));
#3853=DIRECTION('',(1.,1.69470539224718E-16,0.));
#3854=DIRECTION('',(0.,0.,1.));
#3855=DIRECTION('',(-1.,0.,0.));
#3856=DIRECTION('',(0.,0.,-1.));
#3857=DIRECTION('',(1.,0.,0.));
#3858=DIRECTION('',(0.,-1.,0.));
#3859=DIRECTION('',(0.,0.,-1.));
#3860=DIRECTION('',(-2.27653999472022E-15,1.,0.));
#3861=DIRECTION('',(1.,0.,0.));
#3862=DIRECTION('',(1.28557552643024E-16,-1.,0.));
#3863=DIRECTION('',(1.,0.,0.));
#3864=DIRECTION('',(-3.24171211539005E-17,1.,0.));
#3865=DIRECTION('',(1.,0.,0.));
#3866=DIRECTION('',(1.0671281225251E-16,-1.,0.));
#3867=DIRECTION('',(0.,0.,-1.));
#3868=DIRECTION('',(-1.,0.,0.));
#3869=DIRECTION('',(1.,0.,0.));
#3870=DIRECTION('',(0.,-1.,0.));
#3871=DIRECTION('',(0.,1.95131999547447E-15,-1.));
#3872=DIRECTION('',(1.,0.,0.));
#3873=DIRECTION('',(0.,-0.999999999999999,0.));
#3874=DIRECTION('',(0.,0.,1.));
#3875=DIRECTION('',(1.,0.,0.));
#3876=DIRECTION('',(0.,-1.,0.));
#3877=DIRECTION('',(0.,1.95131999547447E-15,-1.));
#3878=DIRECTION('',(1.,0.,0.));
#3879=DIRECTION('',(0.,-1.,0.));
#3880=DIRECTION('',(0.,-2.09069999515122E-16,1.));
#3881=DIRECTION('',(1.,0.,0.));
#3882=DIRECTION('',(0.,-1.,0.));
#3883=DIRECTION('',(0.,1.98616499539366E-15,-1.));
#3884=DIRECTION('',(1.,0.,0.));
#3885=DIRECTION('',(0.,-1.,0.));
#3886=DIRECTION('',(0.,-6.96899998383741E-17,1.));
#3887=DIRECTION('',(-1.,-3.24171211539005E-17,0.));
#3888=DIRECTION('',(3.24171211539005E-17,-1.,0.));
#3889=DIRECTION('',(0.,0.,-1.));
#3890=DIRECTION('',(-3.24171211539005E-17,1.,0.));
#3891=DIRECTION('',(-1.,-3.24171211539005E-17,0.));
#3892=DIRECTION('',(3.24171211539005E-17,-1.,0.));
#3893=DIRECTION('',(-1.,-3.24171211539005E-17,0.));
#3894=DIRECTION('',(3.24171211539005E-17,-1.,0.));
#3895=DIRECTION('',(1.,0.,0.));
#3896=DIRECTION('',(0.,0.,-1.));
#3897=DIRECTION('',(0.,1.,0.));
#3898=DIRECTION('',(0.,0.,1.));
#3899=DIRECTION('',(-1.,-1.28557552643024E-16,0.));
#3900=DIRECTION('',(0.,0.999999999999999,0.));
#3901=DIRECTION('',(2.50856923041595E-31,-1.95131999547447E-15,1.));
#3902=DIRECTION('',(-1.,-1.28557552643024E-16,0.));
#3903=DIRECTION('',(0.,1.,0.));
#3904=DIRECTION('',(0.,0.,-1.));
#3905=DIRECTION('',(-1.,-1.28557552643024E-16,0.));
#3906=DIRECTION('',(0.,1.,0.));
#3907=DIRECTION('',(2.50856923041595E-31,-1.95131999547447E-15,1.));
#3908=DIRECTION('',(-1.,-1.28557552643024E-16,0.));
#3909=DIRECTION('',(0.,1.,0.));
#3910=DIRECTION('',(-2.68775274687424E-32,2.09069999515122E-16,-1.));
#3911=DIRECTION('',(-1.,-1.28557552643024E-16,0.));
#3912=DIRECTION('',(0.,1.,0.));
#3913=DIRECTION('',(2.55336510953053E-31,-1.98616499539366E-15,1.));
#3914=DIRECTION('',(-1.,-1.28557552643024E-16,0.));
#3915=DIRECTION('',(0.,1.,0.));
#3916=DIRECTION('',(-8.95917582291412E-33,6.96899998383741E-17,-1.));
#3917=DIRECTION('',(1.,1.28557552643024E-16,0.));
#3918=DIRECTION('',(0.,1.,0.));
#3919=DIRECTION('',(1.,1.28557552643024E-16,0.));
#3920=DIRECTION('',(0.,1.,0.));
#3921=DIRECTION('',(1.28557552643024E-16,-1.,0.));
#3922=DIRECTION('',(1.,1.28557552643024E-16,0.));
#3923=DIRECTION('',(-1.2490009027033E-16,1.,0.));
#3924=DIRECTION('',(-1.,0.,0.));
#3925=DIRECTION('',(0.,0.,-1.));
#3926=DIRECTION('',(-1.,0.,0.));
#3927=DIRECTION('',(-2.08230844321637E-31,1.95131999547447E-15,-1.));
#3928=DIRECTION('',(1.,1.0671281225251E-16,0.));
#3929=DIRECTION('',(1.42283749670014E-16,-1.,0.));
#3930=DIRECTION('',(2.23104476058897E-32,-2.09069999515122E-16,1.));
#3931=DIRECTION('',(1.,1.0671281225251E-16,0.));
#3932=DIRECTION('',(1.4228374967002E-16,-1.,0.));
#3933=DIRECTION('',(-2.11949252255952E-31,1.98616499539366E-15,-1.));
#3934=DIRECTION('',(1.,1.0671281225251E-16,0.));
#3935=DIRECTION('',(1.42283749670014E-16,-1.,0.));
#3936=DIRECTION('',(7.43681586862989E-33,-6.96899998383741E-17,1.));
#3937=DIRECTION('',(1.,1.0671281225251E-16,0.));
#3938=DIRECTION('',(1.4228374967002E-16,-1.,0.));
#3939=DIRECTION('',(1.,1.0671281225251E-16,0.));
#3940=DIRECTION('',(2.13425624505021E-16,-1.,0.));
#3941=DIRECTION('',(-1.0671281225251E-16,1.,0.));
#3942=DIRECTION('',(-1.,-1.0671281225251E-16,0.));
#3943=DIRECTION('',(1.06685493772574E-16,-1.,0.));
#3944=DIRECTION('',(4.44225801219491E-30,-1.95131999547447E-15,1.));
#3945=DIRECTION('',(-1.,-2.27653999472022E-15,0.));
#3946=DIRECTION('',(0.,1.,0.));
#3947=DIRECTION('',(-4.75956215592312E-31,2.09069999515122E-16,-1.));
#3948=DIRECTION('',(-1.,-2.27653999472022E-15,0.));
#3949=DIRECTION('',(0.,1.,0.));
#3950=DIRECTION('',(4.52158404812697E-30,-1.98616499539366E-15,1.));
#3951=DIRECTION('',(-1.,-2.27653999472022E-15,0.));
#3952=DIRECTION('',(0.,1.,0.));
#3953=DIRECTION('',(-1.58652071864104E-31,6.96899998383741E-17,-1.));
#3954=DIRECTION('',(-1.,-2.27653999472022E-15,0.));
#3955=DIRECTION('',(0.,1.,0.));
#3956=DIRECTION('',(-1.,-2.27653999472022E-15,0.));
#3957=DIRECTION('',(0.,1.,0.));
#3958=DIRECTION('',(2.27653999472022E-15,-1.,0.));
#3959=DIRECTION('',(1.,2.27653999472022E-15,0.));
#3960=DIRECTION('',(-2.27595720048157E-15,1.,0.));
#3961=DIRECTION('',(0.,-1.,0.));
#3962=DIRECTION('',(0.,1.,0.));
#3963=DIRECTION('',(1.,0.,0.));
#3964=DIRECTION('',(0.,0.,1.));
#3965=DIRECTION('',(1.,0.,0.));
#3966=DIRECTION('',(1.,0.,0.));
#3967=DIRECTION('',(1.,0.,0.));
#3968=DIRECTION('',(-1.,0.,0.));
#3969=DIRECTION('',(0.,0.,1.));
#3970=DIRECTION('',(1.,0.,0.));
#3971=DIRECTION('',(0.,-1.,-6.96899998383741E-17));
#3972=DIRECTION('',(0.,6.93889390390723E-17,-1.));
#3973=DIRECTION('',(1.,0.,0.));
#3974=DIRECTION('',(-1.,0.,0.));
#3975=DIRECTION('',(0.,0.,1.));
#3976=DIRECTION('',(0.,1.,1.98616499539366E-15));
#3977=DIRECTION('',(0.,-1.98625837999344E-15,1.));
#3978=DIRECTION('',(1.,0.,0.));
#3979=DIRECTION('',(1.,0.,0.));
#3980=DIRECTION('',(-1.,0.,0.));
#3981=DIRECTION('',(0.,0.,1.));
#3982=DIRECTION('',(1.,0.,0.));
#3983=DIRECTION('',(0.,-1.,-2.09069999515122E-16));
#3984=DIRECTION('',(0.,2.09901540593194E-16,-1.));
#3985=DIRECTION('',(1.,0.,0.));
#3986=DIRECTION('',(-1.,0.,0.));
#3987=DIRECTION('',(0.,0.,1.));
#3988=DIRECTION('',(0.,1.,1.95131999547447E-15));
#3989=DIRECTION('',(0.,-1.95156391047391E-15,1.));
#3990=DIRECTION('',(1.,0.,0.));
#3991=DIRECTION('',(1.,0.,0.));
#3992=DIRECTION('',(0.,1.,1.98616499539366E-15));
#3993=DIRECTION('',(0.,-1.98625837999344E-15,1.));
#3994=DIRECTION('',(1.,0.,0.));
#3995=DIRECTION('',(-1.,0.,0.));
#3996=DIRECTION('',(0.,0.,1.));
#3997=DIRECTION('',(1.,0.,0.));
#3998=DIRECTION('',(0.,-1.,-6.96899998383741E-17));
#3999=DIRECTION('',(0.,6.93889390390723E-17,-1.));
#4000=DIRECTION('',(-1.,0.,0.));
#4001=DIRECTION('',(0.,0.,1.));
#4002=DIRECTION('',(1.,0.,0.));
#4003=DIRECTION('',(1.,0.,0.));
#4004=DIRECTION('',(0.,1.,1.95131999547447E-15));
#4005=DIRECTION('',(0.,-1.95156391047391E-15,1.));
#4006=DIRECTION('',(1.,0.,0.));
#4007=DIRECTION('',(-1.,0.,0.));
#4008=DIRECTION('',(0.,0.,1.));
#4009=DIRECTION('',(1.,0.,0.));
#4010=DIRECTION('',(0.,-1.,-2.09069999515122E-16));
#4011=DIRECTION('',(0.,2.09901540593194E-16,-1.));
#4012=DIRECTION('',(-1.,0.,0.));
#4013=DIRECTION('',(0.,0.,1.));
#4014=DIRECTION('',(1.,0.,0.));
#4015=DIRECTION('',(1.,0.,0.));
#4016=DIRECTION('',(0.,1.,1.95131999547447E-15));
#4017=DIRECTION('',(0.,-1.94982918699793E-15,1.));
#4018=DIRECTION('',(1.,0.,0.));
#4019=DIRECTION('',(-1.,0.,0.));
#4020=DIRECTION('',(0.,0.,1.));
#4021=DIRECTION('',(1.,0.,0.));
#4022=DIRECTION('',(0.,-1.,0.));
#4023=DIRECTION('',(0.,0.,-1.));
#4024=DIRECTION('',(-1.,0.,0.));
#4025=DIRECTION('',(0.,0.,1.));
#4026=DIRECTION('',(0.,0.,-1.));
#4027=DIRECTION('',(0.,-1.,0.));
#4028=DIRECTION('',(1.,0.,0.));
#4029=DIRECTION('',(0.,0.,-1.));
#4030=DIRECTION('',(0.,-1.,0.));
#4031=DIRECTION('',(0.,0.,1.));
#4032=DIRECTION('',(0.,-1.,0.));
#4033=DIRECTION('',(0.,0.,1.));
#4034=DIRECTION('',(0.,-1.,0.));
#4035=DIRECTION('',(0.,0.,1.));
#4036=DIRECTION('',(0.,-1.,0.));
#4037=DIRECTION('',(0.,0.,1.));
#4038=DIRECTION('',(0.,-1.,0.));
#4039=DIRECTION('',(0.,0.,1.));
#4040=DIRECTION('',(0.,-1.,0.));
#4041=DIRECTION('',(0.,0.,1.));
#4042=DIRECTION('',(0.,-1.,0.));
#4043=DIRECTION('',(0.,0.,1.));
#4044=DIRECTION('',(0.,-1.,0.));
#4045=DIRECTION('',(0.,0.,1.));
#4046=DIRECTION('',(0.,-1.,0.));
#4047=DIRECTION('',(0.,0.,1.));
#4048=DIRECTION('',(0.,0.,-1.));
#4049=DIRECTION('',(1.,0.,0.));
#4050=DIRECTION('',(0.,1.,0.));
#4051=DIRECTION('',(0.,0.,1.));
#4052=DIRECTION('',(0.,1.,0.));
#4053=DIRECTION('',(-1.,0.,0.));
#4054=DIRECTION('',(0.,0.,1.));
#4055=DIRECTION('',(0.,0.,1.));
#4056=DIRECTION('',(1.,0.,0.));
#4057=DIRECTION('',(0.,-1.,0.));
#4058=DIRECTION('',(0.999999999999999,0.,0.));
#4059=DIRECTION('',(0.,1.,0.));
#4060=DIRECTION('',(0.,0.,1.));
#4061=DIRECTION('',(0.,-1.,0.));
#4062=DIRECTION('',(0.,0.,-1.));
#4063=DIRECTION('',(0.,-1.,0.));
#4064=DIRECTION('',(0.999999999999999,0.,0.));
#4065=DIRECTION('',(0.,1.,0.));
#4066=DIRECTION('',(0.,0.,1.));
#4067=DIRECTION('',(0.,-1.,0.));
#4068=DIRECTION('',(0.,0.,-1.));
#4069=DIRECTION('',(0.,-1.,0.));
#4070=DIRECTION('',(1.,0.,0.));
#4071=DIRECTION('',(0.,1.,0.));
#4072=DIRECTION('',(0.,0.,1.));
#4073=DIRECTION('',(0.,-1.,0.));
#4074=DIRECTION('',(0.,0.,-1.));
#4075=DIRECTION('',(0.,-1.,0.));
#4076=DIRECTION('',(1.,0.,0.));
#4077=DIRECTION('',(0.,1.,0.));
#4078=DIRECTION('',(0.,0.,1.));
#4079=DIRECTION('',(0.,-1.,0.));
#4080=DIRECTION('',(0.,0.,-1.));
#4081=DIRECTION('',(0.,-1.,0.));
#4082=DIRECTION('',(1.,0.,0.));
#4083=DIRECTION('',(0.,1.,0.));
#4084=DIRECTION('',(0.,0.,1.));
#4085=DIRECTION('',(0.,-1.,0.));
#4086=DIRECTION('',(0.,0.,-1.));
#4087=DIRECTION('',(0.,-1.,0.));
#4088=DIRECTION('',(1.,0.,0.));
#4089=DIRECTION('',(0.,1.,0.));
#4090=DIRECTION('',(0.,0.,1.));
#4091=DIRECTION('',(0.,-1.,0.));
#4092=DIRECTION('',(0.,0.,-1.));
#4093=DIRECTION('',(0.,-1.,0.));
#4094=DIRECTION('',(0.999999999999999,0.,0.));
#4095=DIRECTION('',(0.,1.,0.));
#4096=DIRECTION('',(0.,0.,1.));
#4097=DIRECTION('',(0.,-1.,0.));
#4098=DIRECTION('',(0.,0.,-1.));
#4099=DIRECTION('',(0.,-1.,0.));
#4100=DIRECTION('',(0.999999999999999,0.,0.));
#4101=DIRECTION('',(0.,1.,0.));
#4102=DIRECTION('',(0.,0.,1.));
#4103=DIRECTION('',(0.,-1.,0.));
#4104=DIRECTION('',(0.,0.,-1.));
#4105=DIRECTION('',(0.,-1.,0.));
#4106=DIRECTION('',(0.999999999999999,0.,0.));
#4107=DIRECTION('',(0.,1.,0.));
#4108=DIRECTION('',(0.,0.,1.));
#4109=DIRECTION('',(0.,-1.,0.));
#4110=DIRECTION('',(0.,0.,-1.));
#4111=DIRECTION('',(-1.,0.,0.));
#4112=DIRECTION('',(0.,0.,1.));
#4113=DIRECTION('',(1.,0.,0.));
#4114=DIRECTION('',(0.,0.,-1.));
#4115=DIRECTION('',(1.,0.,0.));
#4116=DIRECTION('',(0.,0.,-1.));
#4117=DIRECTION('',(0.,0.,1.));
#4118=DIRECTION('',(0.,1.,0.));
#4119=DIRECTION('',(0.,0.,1.));
#4120=DIRECTION('',(-0.999999999999998,0.,0.));
#4121=DIRECTION('',(0.,0.,1.));
#4122=DIRECTION('',(0.999999999999998,0.,0.));
#4123=DIRECTION('',(0.,0.,1.));
#4124=DIRECTION('',(0.,1.,0.));
#4125=DIRECTION('',(0.,0.,1.));
#4126=DIRECTION('',(-0.999999999999999,0.,0.));
#4127=DIRECTION('',(0.,0.,1.));
#4128=DIRECTION('',(0.999999999999999,0.,0.));
#4129=DIRECTION('',(0.,0.,-1.));
#4130=DIRECTION('',(0.,-1.,0.));
#4131=DIRECTION('',(0.,0.,-1.));
#4132=DIRECTION('',(0.,1.,0.));
#4133=DIRECTION('',(0.,0.,-1.));
#4134=DIRECTION('',(0.,1.,0.));
#4135=DIRECTION('',(0.,-1.,9.10615997899658E-16));
#4136=DIRECTION('',(0.,-3.91606650474471E-16,1.));
#4137=DIRECTION('',(0.,1.,0.));
#4138=DIRECTION('',(0.,9.39855961091619E-16,-1.));
#4139=DIRECTION('',(1.,0.,0.));
#4140=DIRECTION('',(0.,0.,-1.));
#4141=DIRECTION('',(-6.64279147395566E-16,0.,1.));
#4142=DIRECTION('',(0.,1.,0.));
#4143=DIRECTION('',(-6.64279147395566E-16,0.,1.));
#4144=DIRECTION('',(0.,1.,0.));
#4145=DIRECTION('',(-6.64279147395566E-16,0.,1.));
#4146=DIRECTION('',(0.,1.,0.));
#4147=DIRECTION('',(0.,1.,0.));
#4148=DIRECTION('',(-6.64279147395566E-16,-3.91606650474471E-16,1.));
#4149=DIRECTION('',(-6.04903218689547E-31,-1.,9.10615997899658E-16));
#4150=DIRECTION('',(6.64279147395566E-16,9.39855961091619E-16,-1.));
#4151=DIRECTION('',(-1.,0.,-6.64279147395566E-16));
#4152=DIRECTION('',(-6.66133814775094E-16,0.,1.));
#4153=DIRECTION('',(1.,0.,0.));
#4154=DIRECTION('',(0.,1.,0.));
#4155=DIRECTION('',(-1.,0.,0.));
#4156=DIRECTION('',(0.,0.,1.));
#4157=DIRECTION('',(1.,0.,0.));
#4158=DIRECTION('',(0.,0.,-1.));
#4159=DIRECTION('',(-1.,0.,0.));
#4160=DIRECTION('',(0.,1.,0.));
#4161=DIRECTION('',(-1.,0.,0.));
#4162=DIRECTION('',(0.,-1.,0.));
#4163=DIRECTION('',(0.,0.,1.));
#4164=DIRECTION('',(1.,0.,0.));
#4165=DIRECTION('',(0.,0.,-1.));
#4166=DIRECTION('',(0.,1.,0.));
#4167=DIRECTION('',(1.,1.28557552643024E-16,0.));
#4168=DIRECTION('',(0.,1.,0.));
#4169=DIRECTION('',(0.,0.,-1.));
#4170=DIRECTION('',(1.,1.28557552643024E-16,0.));
#4171=DIRECTION('',(0.,1.,0.));
#4172=DIRECTION('',(0.,1.,0.));
#4173=DIRECTION('',(-1.,0.,0.));
#4174=DIRECTION('',(0.,0.,1.));
#4175=DIRECTION('',(0.,0.,1.));
#4176=DIRECTION('',(0.,1.,0.));
#4177=DIRECTION('',(0.,0.,1.));
#4178=DIRECTION('',(0.,1.,0.));
#4179=DIRECTION('',(0.,1.,0.));
#4180=DIRECTION('',(1.,0.,0.));
#4181=DIRECTION('',(1.,0.,0.));
#4182=DIRECTION('',(-2.27653999472022E-15,1.,0.));
#4183=DIRECTION('',(-1.,0.,0.));
#4184=DIRECTION('',(1.0671281225251E-16,-1.,0.));
#4185=DIRECTION('',(1.,0.,0.));
#4186=DIRECTION('',(0.,0.,-1.));
#4187=DIRECTION('',(-1.,0.,0.));
#4188=DIRECTION('',(-1.,-3.24171211539005E-17,0.));
#4189=DIRECTION('',(3.24171211539005E-17,-1.,0.));
#4190=DIRECTION('',(0.,-1.,0.));
#4191=DIRECTION('',(0.,0.,1.));
#4192=DIRECTION('',(-1.,-3.24171211539005E-17,0.));
#4193=DIRECTION('',(3.24171211539005E-17,-1.,0.));
#4194=DIRECTION('',(0.,0.,-1.));
#4195=DIRECTION('',(1.,0.,0.));
#4196=DIRECTION('',(0.,0.,-1.));
#4197=DIRECTION('',(1.,5.0010947252435E-16,0.));
#4198=DIRECTION('',(-1.,0.,0.));
#4199=DIRECTION('',(1.,5.0010947252435E-16,0.));
#4200=DIRECTION('',(0.,0.,-1.));
#4201=DIRECTION('',(0.,0.,-1.));
#4202=DIRECTION('',(4.90017577338881E-16,-1.,0.));
#4203=DIRECTION('',(1.,4.8919202022546E-16,0.));
#4204=DIRECTION('',(-2.73184799359706E-15,1.,0.));
#4205=DIRECTION('',(-1.,6.26570640748684E-16,0.));
#4206=DIRECTION('',(9.10615997865683E-16,-1.,0.));
#4207=DIRECTION('',(1.,-6.26570640748684E-16,0.));
#4208=DIRECTION('',(0.,1.,0.));
#4209=DIRECTION('',(-1.,9.00695296123489E-16,0.));
#4210=DIRECTION('',(0.,-1.,0.));
#4211=DIRECTION('',(1.,-9.39855961172336E-16,0.));
#4212=DIRECTION('',(0.,0.,-1.));
#4213=DIRECTION('',(-1.,0.,0.));
#4214=DIRECTION('',(0.,0.,-1.));
#4215=DIRECTION('',(-1.,0.,0.));
#4216=DIRECTION('',(-1.,0.,0.));
#4217=DIRECTION('',(0.,0.,-1.));
#4218=DIRECTION('',(-1.,0.,0.));
#4219=DIRECTION('',(1.,0.,0.));
#4220=DIRECTION('',(1.,0.,0.));
#4221=DIRECTION('',(0.,0.,1.));
#4222=DIRECTION('',(1.,0.,0.));
#4223=DIRECTION('',(-1.,-1.69470539224718E-16,0.));
#4224=DIRECTION('',(1.0671281225251E-16,-1.,0.));
#4225=DIRECTION('',(0.,0.,1.));
#4226=DIRECTION('',(1.,0.,0.));
#4227=DIRECTION('',(-1.,-1.69470539224718E-16,0.));
#4228=DIRECTION('',(0.,0.,-1.));
#4229=DIRECTION('',(1.,0.,0.));
#4230=DIRECTION('',(-1.,0.,0.));
#4231=DIRECTION('',(1.,0.,0.));
#4232=DIRECTION('',(0.,0.,-1.));
#4233=DIRECTION('',(0.,-1.,0.));
#4234=DIRECTION('',(0.,0.,-1.));
#4235=DIRECTION('',(-1.,-1.0671281225251E-16,0.));
#4236=DIRECTION('',(1.42283749670014E-16,-1.,0.));
#4237=DIRECTION('',(-1.,-1.0671281225251E-16,0.));
#4238=DIRECTION('',(2.13425624505021E-16,-1.,0.));
#4239=DIRECTION('',(-1.,-1.0671281225251E-16,0.));
#4240=DIRECTION('',(1.06685493772574E-16,-1.,0.));
#4241=DIRECTION('',(-2.27653999472022E-15,1.,0.));
#4242=DIRECTION('',(1.,2.27653999472022E-15,0.));
#4243=DIRECTION('',(0.,1.,0.));
#4244=DIRECTION('',(1.,2.27653999472022E-15,0.));
#4245=DIRECTION('',(-2.27595720048157E-15,1.,0.));
#4246=DIRECTION('',(0.,0.,1.));
#4247=DIRECTION('',(1.,0.,0.));
#4248=DIRECTION('',(-0.707106781186547,0.,-0.707106781186548));
#4249=DIRECTION('',(-0.707106781186548,0.,0.707106781186547));
#4250=DIRECTION('',(0.707106781186548,0.,-0.707106781186548));
#4251=DIRECTION('',(-0.707106781186548,0.,-0.707106781186548));
#4252=DIRECTION('',(-1.,0.,0.));
#4253=DIRECTION('',(0.,0.,1.));
#4254=DIRECTION('',(1.,0.,0.));
#4255=DIRECTION('',(0.,0.,-1.));
#4256=DIRECTION('',(1.,0.,0.));
#4257=DIRECTION('',(0.,0.,-1.));
#4258=DIRECTION('',(1.,0.,0.));
#4259=DIRECTION('',(0.,0.,1.));
#4260=DIRECTION('',(1.,0.,0.));
#4261=DIRECTION('',(0.,0.,-1.));
#4262=DIRECTION('',(0.,3.91606650474471E-16,-1.));
#4263=DIRECTION('',(0.,1.,-9.10615997899658E-16));
#4264=DIRECTION('',(0.,-9.39855961091619E-16,1.));
#4265=DIRECTION('',(0.,-1.,0.));
#4266=DIRECTION('',(-1.,0.,0.));
#4267=DIRECTION('',(0.,0.,1.));
#4268=DIRECTION('',(-1.,0.,0.));
#4269=DIRECTION('',(-1.,0.,0.));
#4270=DIRECTION('',(0.,9.10615997899658E-16,1.));
#4271=DIRECTION('',(0.,-1.,9.08995101411847E-16));
#4272=DIRECTION('',(-1.,0.,0.));
#4273=DIRECTION('',(0.,-1.,-9.39855961091619E-16));
#4274=DIRECTION('',(0.,9.40220123979429E-16,-1.));
#4275=DIRECTION('',(-1.,0.,0.));
#4276=DIRECTION('',(0.,0.,-1.));
#4277=DIRECTION('',(-1.,0.,0.));
#4278=DIRECTION('',(0.,1.,3.91606650474471E-16));
#4279=DIRECTION('',(0.,-3.91613824701764E-16,1.));
#4280=DIRECTION('',(0.,3.91606650474471E-16,-1.));
#4281=DIRECTION('',(0.,-1.,0.));
#4282=DIRECTION('',(0.,-9.39855961091619E-16,1.));
#4283=DIRECTION('',(0.,1.,-9.10615997899658E-16));
#4284=DIRECTION('',(-1.,0.,0.));
#4285=DIRECTION('',(0.,0.,1.));
#4286=DIRECTION('',(-1.,0.,0.));
#4287=DIRECTION('',(-1.,0.,0.));
#4288=DIRECTION('',(0.,1.,3.91606650474471E-16));
#4289=DIRECTION('',(0.,-3.91613824701764E-16,1.));
#4290=DIRECTION('',(-1.,0.,0.));
#4291=DIRECTION('',(0.,0.,-1.));
#4292=DIRECTION('',(-1.,0.,0.));
#4293=DIRECTION('',(-1.,0.,0.));
#4294=DIRECTION('',(0.,-1.,-9.39855961091619E-16));
#4295=DIRECTION('',(0.,9.40220123979429E-16,-1.));
#4296=DIRECTION('',(0.,9.10615997899658E-16,1.));
#4297=DIRECTION('',(0.,-1.,9.08995101411847E-16));
#4298=DIRECTION('',(0.,-1.,0.));
#4299=DIRECTION('',(1.,0.,0.));
#4300=DIRECTION('',(0.,-1.,0.));
#4301=DIRECTION('',(1.,0.,0.));
#4302=DIRECTION('',(0.,1.,0.));
#4303=DIRECTION('',(0.,0.,1.));
#4304=DIRECTION('',(0.,-1.,0.));
#4305=DIRECTION('',(0.999999999999999,0.,0.));
#4306=DIRECTION('',(0.,-1.,0.));
#4307=DIRECTION('',(0.999999999999999,0.,0.));
#4308=DIRECTION('',(0.,1.,0.));
#4309=DIRECTION('',(0.,0.,1.));
#4310=DIRECTION('',(0.,0.,-1.));
#4311=DIRECTION('',(1.,0.,0.));
#4312=DIRECTION('',(0.,0.,1.));
#4313=DIRECTION('',(-1.,0.,0.));
#4314=DIRECTION('',(0.,-1.,0.));
#4315=DIRECTION('',(0.,0.,-1.));
#4316=DIRECTION('',(0.,-1.,0.));
#4317=DIRECTION('',(0.,0.,-1.));
#4318=DIRECTION('',(0.,0.,1.));
#4319=DIRECTION('',(1.,0.,0.));
#4320=DIRECTION('',(0.,0.,1.));
#4321=DIRECTION('',(0.999999999999999,0.,0.));
#4322=DIRECTION('',(-0.707106781186534,-0.707106781186561,1.55293603610154E-15));
#4323=DIRECTION('',(0.577350269189615,0.577350269189637,0.577350269189625));
#4324=DIRECTION('',(0.707106781186561,-0.707106781186534,0.));
#4325=DIRECTION('',(0.,0.,-1.));
#4326=DIRECTION('',(0.707106781186547,2.57954555731557E-14,0.707106781186547));
#4327=DIRECTION('',(-0.707106781186548,0.,0.707106781186548));
#4328=DIRECTION('',(0.,1.,0.));
#4329=DIRECTION('',(-0.57735026918963,0.57735026918963,0.577350269189618));
#4330=DIRECTION('',(0.,-0.70710678118654,0.707106781186555));
#4331=DIRECTION('',(1.,0.,0.));
#4332=DIRECTION('',(0.,-0.707106781186548,0.707106781186548));
#4333=DIRECTION('',(0.57735026918964,-0.577350269189619,-0.577350269189619));
#4334=DIRECTION('',(-0.707106781186535,0.,-0.70710678118656));
#4335=DIRECTION('',(-0.707106781186547,0.707106781186548,-1.6170347923143E-15));
#4336=DIRECTION('',(-0.707106781186548,-0.707106781186547,0.));
#4337=DIRECTION('',(0.,0.,1.));
#4338=DIRECTION('',(-9.61481343191783E-17,-0.707106781186547,0.707106781186547));
#4339=DIRECTION('',(0.,-0.707106781186548,-0.707106781186548));
#4340=DIRECTION('',(-1.,0.,0.));
#4341=DIRECTION('',(-0.707106781186548,-1.64540693022727E-16,0.707106781186547));
#4342=DIRECTION('',(-0.577350269189625,-0.577350269189626,-0.577350269189626));
#4343=DIRECTION('',(0.,0.707106781186548,-0.707106781186547));
#4344=DIRECTION('',(0.707106781186547,0.,0.707106781186548));
#4345=DIRECTION('',(0.,1.,0.));
#4346=DIRECTION('',(0.,-1.,0.));
#4347=DIRECTION('',(-1.,9.39855961172336E-16,0.));
#4348=DIRECTION('',(0.,1.,0.));
#4349=DIRECTION('',(1.,-9.00695296123489E-16,0.));
#4350=DIRECTION('',(0.,0.,-1.));
#4351=DIRECTION('',(-1.,0.,0.));
#4352=DIRECTION('',(0.,0.,1.));
#4353=DIRECTION('',(0.,0.,1.));
#4354=DIRECTION('',(-1.,0.,0.));
#4355=DIRECTION('',(0.,0.,1.));
#4356=DIRECTION('',(0.,0.,1.));
#4357=DIRECTION('',(9.39855961172336E-16,1.,0.));
#4358=DIRECTION('',(-1.,9.40220123979429E-16,0.));
#4359=DIRECTION('',(0.,0.,1.));
#4360=DIRECTION('',(1.,0.,0.));
#4361=DIRECTION('',(0.,0.,-1.));
#4362=DIRECTION('',(-9.00695296123489E-16,-1.,0.));
#4363=DIRECTION('',(1.,-9.00755164900957E-16,0.));
#4364=DIRECTION('',(2.73184799359706E-15,-1.,0.));
#4365=DIRECTION('',(-1.,6.26570640748684E-16,0.));
#4366=DIRECTION('',(-9.10615997865683E-16,1.,0.));
#4367=DIRECTION('',(1.,-6.26570640748684E-16,0.));
#4368=DIRECTION('',(0.,0.,-1.));
#4369=DIRECTION('',(-1.,0.,0.));
#4370=DIRECTION('',(0.,0.,1.));
#4371=DIRECTION('',(0.,0.,1.));
#4372=DIRECTION('',(-1.,-2.73184799359706E-15,0.));
#4373=DIRECTION('',(2.73392419813945E-15,-1.,0.));
#4374=DIRECTION('',(0.,0.,1.));
#4375=DIRECTION('',(6.26570640748684E-16,1.,0.));
#4376=DIRECTION('',(-1.,6.26235174827627E-16,0.));
#4377=DIRECTION('',(0.,0.,1.));
#4378=DIRECTION('',(1.,9.10615997865683E-16,0.));
#4379=DIRECTION('',(-9.08995101411847E-16,1.,0.));
#4380=DIRECTION('',(-6.26570640748684E-16,-1.,0.));
#4381=DIRECTION('',(1.,-6.26668855696622E-16,0.));
#4382=DIRECTION('',(0.,1.,0.));
#4383=DIRECTION('',(0.999999999999999,0.,0.));
#4384=DIRECTION('',(0.,1.,0.));
#4385=DIRECTION('',(0.999999999999999,0.,0.));
#4386=DIRECTION('',(0.,-1.,0.));
#4387=DIRECTION('',(0.,0.,-1.));
#4388=DIRECTION('',(0.,-1.,0.));
#4389=DIRECTION('',(0.,0.,-1.));
#4390=DIRECTION('',(0.,-1.,0.));
#4391=DIRECTION('',(1.,0.,0.));
#4392=DIRECTION('',(0.,-1.,0.));
#4393=DIRECTION('',(0.,0.,-1.));
#4394=DIRECTION('',(0.,1.,0.));
#4395=DIRECTION('',(0.,0.,1.));
#4396=DIRECTION('',(0.,1.,0.));
#4397=DIRECTION('',(0.,0.,-1.));
#4398=DIRECTION('',(0.,-1.,0.));
#4399=DIRECTION('',(1.,0.,0.));
#4400=DIRECTION('',(0.,1.,0.));
#4401=DIRECTION('',(0.,0.,1.));
#4402=DIRECTION('',(0.,-1.,0.));
#4403=DIRECTION('',(0.,0.,-1.));
#4404=DIRECTION('',(0.,-1.,0.));
#4405=DIRECTION('',(0.,0.,-1.));
#4406=DIRECTION('',(0.,1.,0.));
#4407=DIRECTION('',(0.,4.83267573997599E-17,1.));
#4408=DIRECTION('',(0.,-1.,0.));
#4409=DIRECTION('',(0.,0.,-1.));
#4410=DIRECTION('',(0.,0.,-1.));
#4411=DIRECTION('',(0.,1.,0.));
#4412=DIRECTION('',(0.,0.,-1.));
#4413=DIRECTION('',(0.,1.,0.));
#4414=DIRECTION('',(0.,0.,1.));
#4415=DIRECTION('',(1.,0.,0.));
#4416=DIRECTION('',(0.,0.,1.));
#4417=DIRECTION('',(1.,0.,0.));
#4418=DIRECTION('',(0.,0.,1.));
#4419=DIRECTION('',(1.,0.,0.));
#4420=DIRECTION('',(0.,0.,1.));
#4421=DIRECTION('',(1.,0.,0.));
#4422=DIRECTION('',(0.,0.,-1.));
#4423=DIRECTION('',(-1.,0.,0.));
#4424=DIRECTION('',(0.,0.,-1.));
#4425=DIRECTION('',(1.,0.,0.));
#4426=DIRECTION('',(0.,0.,1.));
#4427=DIRECTION('',(1.,0.,0.));
#4428=DIRECTION('',(0.,0.,-1.));
#4429=DIRECTION('',(-1.,0.,0.));
#4430=DIRECTION('',(0.,0.,-1.));
#4431=DIRECTION('',(1.,0.,0.));
#4432=DIRECTION('',(0.,0.,1.));
#4433=DIRECTION('',(1.,0.,0.));
#4434=DIRECTION('',(0.,0.,1.));
#4435=DIRECTION('',(1.,0.,0.));
#4436=DIRECTION('',(0.,0.,1.));
#4437=DIRECTION('',(1.,0.,0.));
#4438=DIRECTION('',(0.,0.,-1.));
#4439=DIRECTION('',(-1.,0.,-4.82779549141936E-17));
#4440=DIRECTION('',(0.,0.,1.));
#4441=DIRECTION('',(1.,0.,0.));
#4442=DIRECTION('',(0.,0.,1.));
#4443=DIRECTION('',(1.,0.,5.37765353089229E-16));
#4444=DIRECTION('',(-4.75103998896E-16,0.,-1.));
#4445=DIRECTION('',(-1.,0.,-5.3776535308923E-16));
#4446=DIRECTION('',(-4.86926609981824E-15,0.,1.));
#4447=DIRECTION('',(-1.,0.,-4.87829998868618E-15));
#4448=DIRECTION('',(4.80602887774268E-15,0.,-1.));
#4449=DIRECTION('',(-1.,0.,-5.3776535308923E-16));
#4450=DIRECTION('',(4.75103998899199E-16,0.,1.));
#4451=DIRECTION('',(1.,0.,5.37765353089229E-16));
#4452=DIRECTION('',(0.,0.,-1.));
#4453=DIRECTION('',(1.,0.,0.));
#4454=DIRECTION('',(0.,-1.,0.));
#4455=DIRECTION('',(0.,0.,-1.));
#4456=DIRECTION('',(0.,1.,0.));
#4457=DIRECTION('',(-4.75103998896E-16,0.,-1.));
#4458=DIRECTION('',(0.,1.,0.));
#4459=DIRECTION('',(1.,0.,-4.75103998896E-16));
#4460=DIRECTION('',(-4.75314232417645E-16,0.,-1.));
#4461=DIRECTION('',(0.,-1.,0.));
#4462=DIRECTION('',(-1.,0.,0.));
#4463=DIRECTION('',(0.,-1.,0.));
#4464=DIRECTION('',(0.,1.,0.));
#4465=DIRECTION('',(1.,0.,5.37765353089229E-16));
#4466=DIRECTION('',(-5.37765353089229E-16,0.,1.));
#4467=DIRECTION('',(1.,0.,5.3776427755281E-16));
#4468=DIRECTION('',(0.,1.,0.));
#4469=DIRECTION('',(4.75103998899199E-16,0.,1.));
#4470=DIRECTION('',(-1.,0.,4.75103998899199E-16));
#4471=DIRECTION('',(4.75314232417645E-16,0.,1.));
#4472=DIRECTION('',(0.,-1.,0.));
#4473=DIRECTION('',(1.,0.,4.63438498925188E-15));
#4474=DIRECTION('',(0.,-1.,0.));
#4475=DIRECTION('',(-1.,0.,-5.3776535308923E-16));
#4476=DIRECTION('',(5.3776535308923E-16,0.,-1.));
#4477=DIRECTION('',(-1.,0.,-5.3776427755281E-16));
#4478=DIRECTION('',(0.,-1.,0.));
#4479=DIRECTION('',(1.,0.,-6.12323399573677E-17));
#4480=DIRECTION('',(0.,-1.,0.));
#4481=DIRECTION('',(0.,0.,-1.));
#4482=DIRECTION('',(-4.86926609981824E-15,0.,1.));
#4483=DIRECTION('',(0.,-1.,0.));
#4484=DIRECTION('',(1.,0.,4.86926609981824E-15));
#4485=DIRECTION('',(4.8693687970669E-15,0.,-1.));
#4486=DIRECTION('',(0.,-1.,0.));
#4487=DIRECTION('',(4.80602887774268E-15,0.,-1.));
#4488=DIRECTION('',(-1.,0.,-4.80602887774268E-15));
#4489=DIRECTION('',(-4.80605139019374E-15,0.,1.));
#4490=DIRECTION('',(-1.,0.,-4.87829998868618E-15));
#4491=DIRECTION('',(-4.87829998868618E-15,0.,1.));
#4492=DIRECTION('',(1.,0.,4.87804241444678E-15));
#4493=DIRECTION('',(0.,1.,0.));
#4494=DIRECTION('',(0.,0.,1.));
#4495=DIRECTION('',(0.,-1.,0.));
#4496=DIRECTION('',(0.,0.,1.));
#4497=DIRECTION('',(1.,0.,0.));
#4498=DIRECTION('',(0.,0.,-1.));
#4499=DIRECTION('',(0.,-1.,0.));
#4500=DIRECTION('',(1.,0.,0.));
#4501=DIRECTION('',(0.,0.,-1.));
#4502=DIRECTION('',(-1.,0.,0.));
#4503=DIRECTION('',(0.,0.,-1.));
#4504=DIRECTION('',(-1.,0.,0.));
#4505=DIRECTION('',(0.,0.,1.));
#4506=DIRECTION('',(0.,1.,0.));
#4507=DIRECTION('',(0.,0.,1.));
#4508=DIRECTION('',(0.,-1.,0.));
#4509=DIRECTION('',(1.,0.,-6.12323399573677E-17));
#4510=DIRECTION('',(0.,1.,0.));
#4511=DIRECTION('',(0.,0.,1.));
#4512=DIRECTION('',(0.,-1.,0.));
#4513=DIRECTION('',(0.,0.,-1.));
#4514=DIRECTION('',(0.,-1.,0.));
#4515=DIRECTION('',(0.,0.,-1.));
#4516=DIRECTION('',(0.,0.892129283876739,0.451780190855661));
#4517=DIRECTION('',(0.,0.45178019085566,-0.892129283876739));
#4518=DIRECTION('',(0.,-0.892129283876739,-0.451780190855661));
#4519=DIRECTION('',(0.,0.45178019085566,-0.892129283876739));
#4520=DIRECTION('',(0.,-0.892129283876739,-0.451780190855661));
#4521=DIRECTION('',(0.,0.451780190855661,-0.892129283876739));
#4522=DIRECTION('',(0.,-0.892129283876739,-0.451780190855661));
#4523=DIRECTION('',(0.,0.451780190855661,-0.892129283876739));
#4524=DIRECTION('',(0.,-0.892129283876739,-0.451780190855661));
#4525=DIRECTION('',(0.,0.45178019085566,-0.892129283876739));
#4526=DIRECTION('',(-8.53702498020082E-16,1.,0.));
#4527=DIRECTION('',(-0.977373428069575,-0.211521115029982,0.));
#4528=DIRECTION('',(-2.81513360866234E-15,-1.,0.));
#4529=DIRECTION('',(0.980538221237101,-0.196328288061558,0.));
#4530=DIRECTION('',(0.,0.,-1.));
#4531=DIRECTION('',(1.,1.22464679914735E-16,0.));
#4532=DIRECTION('',(-0.980538221237101,-0.196328288061558,0.));
#4533=DIRECTION('',(2.81513360866234E-15,-1.,0.));
#4534=DIRECTION('',(0.977373428069575,-0.211521115029982,0.));
#4535=DIRECTION('',(0.,0.,-1.));
#4536=DIRECTION('',(-1.,0.,0.));
#4537=DIRECTION('',(-3.24406949247631E-15,-1.,0.));
#4538=DIRECTION('',(0.977373428069575,0.211521115029982,0.));
#4539=DIRECTION('',(2.81513360866234E-15,1.,0.));
#4540=DIRECTION('',(-0.980538221237101,0.196328288061558,0.));
#4541=DIRECTION('',(0.,0.,-1.));
#4542=DIRECTION('',(-1.,0.,0.));
#4543=DIRECTION('',(0.980538221237101,0.196328288061558,0.));
#4544=DIRECTION('',(-2.81513360866234E-15,1.,0.));
#4545=DIRECTION('',(-0.977373428069575,0.211521115029982,0.));
#4546=DIRECTION('',(0.,0.,-1.));
#4547=DIRECTION('',(-1.,0.,0.));
#4548=DIRECTION('',(2.81513360866234E-15,-1.,0.));
#4549=DIRECTION('',(0.,0.,-1.));
#4550=DIRECTION('',(0.,0.,-1.));
#4551=DIRECTION('',(1.,2.81513360866234E-15,0.));
#4552=DIRECTION('',(-2.81372147803438E-15,1.,0.));
#4553=DIRECTION('',(0.977373428069575,-0.211521115029982,0.));
#4554=DIRECTION('',(0.,0.,-1.));
#4555=DIRECTION('',(0.211521115029982,0.977373428069575,0.));
#4556=DIRECTION('',(-0.977373428069575,0.211521115029982,0.));
#4557=DIRECTION('',(0.,0.,-1.));
#4558=DIRECTION('',(-1.,0.,0.));
#4559=DIRECTION('',(0.,0.,-1.));
#4560=DIRECTION('',(1.,0.,0.));
#4561=DIRECTION('',(0.,1.,0.));
#4562=DIRECTION('',(0.,0.,1.));
#4563=DIRECTION('',(0.977373428069575,0.211521115029982,0.));
#4564=DIRECTION('',(0.,0.,-1.));
#4565=DIRECTION('',(0.,0.,-1.));
#4566=DIRECTION('',(-0.211521115029982,0.977373428069575,0.));
#4567=DIRECTION('',(-0.977373428069575,-0.211521115029982,0.));
#4568=DIRECTION('',(2.81513360866234E-15,1.,0.));
#4569=DIRECTION('',(0.,0.,-1.));
#4570=DIRECTION('',(-1.,2.81513360866234E-15,0.));
#4571=DIRECTION('',(-2.81372147803438E-15,-1.,0.));
#4572=DIRECTION('',(-0.980538221237101,0.196328288061558,0.));
#4573=DIRECTION('',(0.,0.,-1.));
#4574=DIRECTION('',(-0.196328288061558,-0.980538221237101,0.));
#4575=DIRECTION('',(0.980538221237101,-0.196328288061558,0.));
#4576=DIRECTION('',(0.,0.,-1.));
#4577=DIRECTION('',(-1.,0.,0.));
#4578=DIRECTION('',(0.,0.,-1.));
#4579=DIRECTION('',(0.,0.,-1.));
#4580=DIRECTION('',(-1.,0.,0.));
#4581=DIRECTION('',(0.980538221237101,0.196328288061558,0.));
#4582=DIRECTION('',(0.,0.,-1.));
#4583=DIRECTION('',(-0.196328288061558,0.980538221237101,0.));
#4584=DIRECTION('',(-0.980538221237101,-0.196328288061558,0.));
#4585=DIRECTION('',(-2.81513360866234E-15,1.,0.));
#4586=DIRECTION('',(0.,0.,-1.));
#4587=DIRECTION('',(-1.,-2.81513360866234E-15,0.));
#4588=DIRECTION('',(2.81372147803438E-15,-1.,0.));
#4589=DIRECTION('',(-0.977373428069575,0.211521115029982,0.));
#4590=DIRECTION('',(0.,0.,-1.));
#4591=DIRECTION('',(-0.211521115029982,-0.977373428069575,0.));
#4592=DIRECTION('',(0.977373428069575,-0.211521115029982,0.));
#4593=DIRECTION('',(0.,0.,-1.));
#4594=DIRECTION('',(-1.43089499369693E-15,-0.707106781186547,0.707106781186548));
#4595=DIRECTION('',(3.24406949247631E-15,1.,0.));
#4596=DIRECTION('',(-1.43089499369693E-15,-0.707106781186547,-0.707106781186548));
#4597=DIRECTION('',(2.02359110641797E-15,1.,0.));
#4598=DIRECTION('',(2.02359110641796E-15,1.,0.));
#4599=DIRECTION('',(-1.,2.02359110641796E-15,0.));
#4600=DIRECTION('',(-2.02268757298896E-15,-1.,0.));
#4601=DIRECTION('',(0.,0.,-1.));
#4602=DIRECTION('',(1.,0.,0.));
#4603=DIRECTION('',(-1.,0.,0.));
#4604=DIRECTION('',(0.,-1.,0.));
#4605=DIRECTION('',(0.,0.,-1.));
#4606=DIRECTION('',(8.53702498020082E-16,-1.,0.));
#4607=DIRECTION('',(-1.43089499369693E-15,0.707106781186547,-0.707106781186548));
#4608=DIRECTION('',(2.02359110641796E-15,-1.,0.));
#4609=DIRECTION('',(0.,0.,-1.));
#4610=DIRECTION('',(2.02359110641797E-15,-1.,0.));
#4611=DIRECTION('',(-1.43089499369693E-15,0.707106781186547,0.707106781186548));
#4612=DIRECTION('',(1.,2.02359110641796E-15,0.));
#4613=DIRECTION('',(-2.02268757298896E-15,1.,0.));
#4614=DIRECTION('',(-0.977373428069575,-0.211521115029982,0.));
#4615=DIRECTION('',(0.,0.,-1.));
#4616=DIRECTION('',(0.211521115029982,-0.977373428069575,0.));
#4617=DIRECTION('',(0.977373428069575,0.211521115029982,0.));
#4618=DIRECTION('',(-2.81513360866234E-15,-1.,0.));
#4619=DIRECTION('',(0.,0.,-1.));
#4620=DIRECTION('',(1.,-2.81513360866234E-15,0.));
#4621=DIRECTION('',(2.81372147803438E-15,1.,0.));
#4622=DIRECTION('',(0.980538221237101,-0.196328288061558,0.));
#4623=DIRECTION('',(0.,0.,-1.));
#4624=DIRECTION('',(0.196328288061558,0.980538221237101,0.));
#4625=DIRECTION('',(-0.980538221237101,0.196328288061558,0.));
#4626=DIRECTION('',(0.,0.,-1.));
#4627=DIRECTION('',(1.,1.22464679914735E-16,0.));
#4628=DIRECTION('',(0.,0.,-1.));
#4629=DIRECTION('',(0.,0.,-1.));
#4630=DIRECTION('',(-1.,0.,0.));
#4631=DIRECTION('',(-0.980538221237101,-0.196328288061558,0.));
#4632=DIRECTION('',(0.196328288061558,-0.980538221237101,0.));
#4633=DIRECTION('',(0.980538221237101,0.196328288061558,0.));
#4634=DIRECTION('',(0.,0.,-1.));
#4635=DIRECTION('',(-1.,0.,0.));
#4636=DIRECTION('',(-1.,0.,0.));
#4637=DIRECTION('',(1.,0.,0.));
#4638=DIRECTION('',(0.,0.,1.));
#4639=DIRECTION('',(1.,0.,0.));
#4640=DIRECTION('',(0.,0.707106781186548,0.707106781186547));
#4641=DIRECTION('',(1.,0.,0.));
#4642=DIRECTION('',(0.,-0.707106781186548,0.707106781186547));
#4643=DIRECTION('',(-1.,0.,0.));
#4644=DIRECTION('',(0.,0.,1.));
#4645=DIRECTION('',(1.,0.,0.));
#4646=DIRECTION('',(0.,0.,1.));
#4647=DIRECTION('',(1.,0.,0.));
#4648=DIRECTION('',(0.,0.,1.));
#4649=DIRECTION('',(1.,0.,0.));
#4650=DIRECTION('',(0.,1.,0.));
#4651=DIRECTION('',(1.,0.,0.));
#4652=DIRECTION('',(0.,0.,1.));
#4653=DIRECTION('',(1.,0.,0.));
#4654=DIRECTION('',(0.,0.,1.));
#4655=DIRECTION('',(1.,0.,0.));
#4656=DIRECTION('',(0.,0.,1.));
#4657=DIRECTION('',(1.,0.,0.));
#4658=CARTESIAN_POINT('',(0.,0.,0.));
#4659=CARTESIAN_POINT('',(0.794999999999999,0.720000000000001,0.94));
#4660=CARTESIAN_POINT('',(0.794999999999999,0.720000000000001,0.94));
#4661=CARTESIAN_POINT('',(0.794999999999999,0.720000000000001,0.29));
#4662=CARTESIAN_POINT('',(4.225,0.720000000000001,0.94));
#4663=CARTESIAN_POINT('',(4.225,0.720000000000001,0.94));
#4664=CARTESIAN_POINT('',(4.225,0.720000000000001,0.94));
#4665=CARTESIAN_POINT('',(4.225,0.720000000000001,0.29));
#4666=CARTESIAN_POINT('',(4.415,0.720000000000002,0.29));
#4667=CARTESIAN_POINT('',(4.415,0.720000000000002,0.29));
#4668=CARTESIAN_POINT('',(4.415,0.720000000000002,0.29));
#4669=CARTESIAN_POINT('',(4.415,0.720000000000002,1.945));
#4670=CARTESIAN_POINT('',(4.415,0.720000000000002,1.945));
#4671=CARTESIAN_POINT('',(0.0449999999999999,0.719999999999999,1.945));
#4672=CARTESIAN_POINT('',(0.0449999999999999,0.719999999999999,0.29));
#4673=CARTESIAN_POINT('',(0.0449999999999999,0.719999999999999,0.29));
#4674=CARTESIAN_POINT('',(4.415,0.720000000000002,0.29));
#4675=CARTESIAN_POINT('',(4.415,0.720000000000002,0.29));
#4676=CARTESIAN_POINT('',(4.46,0.,1.945));
#4677=CARTESIAN_POINT('',(4.46,0.,1.905));
#4678=CARTESIAN_POINT('',(4.46,0.,0.13));
#4679=CARTESIAN_POINT('',(4.415,0.,1.905));
#4680=CARTESIAN_POINT('',(4.415,7.42045026863942E-16,1.905));
#4681=CARTESIAN_POINT('',(4.415,7.42045026863942E-16,0.29));
#4682=CARTESIAN_POINT('',(4.415,7.42045026863942E-16,0.29));
#4683=CARTESIAN_POINT('',(0.0449999999999999,1.45877045192555E-18,0.29));
#4684=CARTESIAN_POINT('',(0.045,0.,0.29));
#4685=CARTESIAN_POINT('',(0.045,0.,0.29));
#4686=CARTESIAN_POINT('',(0.045,0.,1.905));
#4687=CARTESIAN_POINT('',(0.,0.,1.905));
#4688=CARTESIAN_POINT('',(0.,0.,1.905));
#4689=CARTESIAN_POINT('',(0.,0.,1.945));
#4690=CARTESIAN_POINT('',(0.,0.,0.13));
#4691=CARTESIAN_POINT('',(4.46,0.,0.13));
#4692=CARTESIAN_POINT('',(4.46,0.,1.945));
#4693=CARTESIAN_POINT('',(4.415,7.7715611723761E-16,1.945));
#4694=CARTESIAN_POINT('',(4.415,0.04,1.945));
#4695=CARTESIAN_POINT('',(4.46,0.04,1.945));
#4696=CARTESIAN_POINT('',(4.46,0.0399999999999996,1.945));
#4697=CARTESIAN_POINT('',(4.46,8.5,1.945));
#4698=CARTESIAN_POINT('',(4.46,8.5,1.945));
#4699=CARTESIAN_POINT('',(0.,8.5,1.945));
#4700=CARTESIAN_POINT('',(-2.75545529808154E-16,8.5,1.945));
#4701=CARTESIAN_POINT('',(0.,0.,1.945));
#4702=CARTESIAN_POINT('',(-1.29668484615602E-18,0.04,1.945));
#4703=CARTESIAN_POINT('',(0.0450000000000002,0.04,1.945));
#4704=CARTESIAN_POINT('',(0.045,0.04,1.945));
#4705=CARTESIAN_POINT('',(0.0449999999999999,0.719999999999999,1.945));
#4706=CARTESIAN_POINT('',(0.,0.,1.945));
#4707=CARTESIAN_POINT('',(2.46519032881566E-32,0.81,1.405));
#4708=CARTESIAN_POINT('',(2.46519032881566E-32,0.870000000000001,1.405));
#4709=CARTESIAN_POINT('',(1.94502726923403E-18,0.75,1.405));
#4710=CARTESIAN_POINT('',(2.46519032881566E-32,0.75,1.405));
#4711=CARTESIAN_POINT('',(2.46519032881566E-32,0.750000000000002,0.425));
#4712=CARTESIAN_POINT('',(2.46519032881566E-32,0.810000000000003,0.425));
#4713=CARTESIAN_POINT('',(2.46519032881566E-32,0.87,0.425));
#4714=CARTESIAN_POINT('',(2.46519032881566E-32,0.870000000000001,0.425));
#4715=CARTESIAN_POINT('',(2.46519032881566E-32,0.535000000000001,1.405));
#4716=CARTESIAN_POINT('',(2.46519032881566E-32,0.595000000000001,1.405));
#4717=CARTESIAN_POINT('',(1.94502726923403E-18,0.475000000000001,1.405));
#4718=CARTESIAN_POINT('',(2.46519032881566E-32,0.475,1.405));
#4719=CARTESIAN_POINT('',(2.46519032881566E-32,0.475000000000002,0.425));
#4720=CARTESIAN_POINT('',(2.46519032881566E-32,0.535000000000003,0.425));
#4721=CARTESIAN_POINT('',(2.46519032881566E-32,0.595,0.425));
#4722=CARTESIAN_POINT('',(2.46519032881566E-32,0.595000000000001,0.425));
#4723=CARTESIAN_POINT('',(2.46519032881566E-32,0.260000000000001,1.405));
#4724=CARTESIAN_POINT('',(2.46519032881566E-32,0.320000000000001,1.405));
#4725=CARTESIAN_POINT('',(1.94502726923403E-18,0.200000000000001,1.405));
#4726=CARTESIAN_POINT('',(2.46519032881566E-32,0.2,1.405));
#4727=CARTESIAN_POINT('',(2.46519032881566E-32,0.200000000000002,0.425));
#4728=CARTESIAN_POINT('',(2.46519032881566E-32,0.260000000000003,0.425));
#4729=CARTESIAN_POINT('',(2.46519032881566E-32,0.32,0.425));
#4730=CARTESIAN_POINT('',(2.46519032881566E-32,0.320000000000001,0.425));
#4731=CARTESIAN_POINT('',(0.,0.04,1.905));
#4732=CARTESIAN_POINT('',(-2.75545529808154E-16,8.5,1.945));
#4733=CARTESIAN_POINT('',(-2.75545529808154E-16,8.5,0.));
#4734=CARTESIAN_POINT('',(0.,0.,0.));
#4735=CARTESIAN_POINT('',(-4.21422575000707E-18,0.13,0.));
#4736=CARTESIAN_POINT('',(-4.21422575000707E-18,0.13,0.13));
#4737=CARTESIAN_POINT('',(0.,0.,1.945));
#4738=CARTESIAN_POINT('',(0.,8.5,0.));
#4739=CARTESIAN_POINT('',(4.46,8.5,0.));
#4740=CARTESIAN_POINT('',(4.46,8.5,1.945));
#4741=CARTESIAN_POINT('',(0.,8.5,1.945));
#4742=CARTESIAN_POINT('',(4.46,0.810000000000003,0.425));
#4743=CARTESIAN_POINT('',(4.46,0.87,0.425));
#4744=CARTESIAN_POINT('',(4.46,0.750000000000002,0.425));
#4745=CARTESIAN_POINT('',(4.46,0.749999999999999,1.94499999999999));
#4746=CARTESIAN_POINT('',(4.46,0.75,1.405));
#4747=CARTESIAN_POINT('',(4.46,0.81,1.405));
#4748=CARTESIAN_POINT('',(4.46,0.870000000000001,1.405));
#4749=CARTESIAN_POINT('',(4.46,0.87,1.945));
#4750=CARTESIAN_POINT('',(4.46,0.535000000000003,0.425));
#4751=CARTESIAN_POINT('',(4.46,0.595,0.425));
#4752=CARTESIAN_POINT('',(4.46,0.475000000000002,0.425));
#4753=CARTESIAN_POINT('',(4.46,0.474999999999999,1.94499999999998));
#4754=CARTESIAN_POINT('',(4.46,0.475,1.405));
#4755=CARTESIAN_POINT('',(4.46,0.535000000000001,1.405));
#4756=CARTESIAN_POINT('',(4.46,0.595000000000001,1.405));
#4757=CARTESIAN_POINT('',(4.46,0.595000000000001,1.945));
#4758=CARTESIAN_POINT('',(4.46,0.260000000000003,0.425));
#4759=CARTESIAN_POINT('',(4.46,0.32,0.425));
#4760=CARTESIAN_POINT('',(4.46,0.200000000000002,0.425));
#4761=CARTESIAN_POINT('',(4.46,0.199999999999999,1.94499999999998));
#4762=CARTESIAN_POINT('',(4.46,0.2,1.405));
#4763=CARTESIAN_POINT('',(4.46,0.260000000000001,1.405));
#4764=CARTESIAN_POINT('',(4.46,0.320000000000001,1.405));
#4765=CARTESIAN_POINT('',(4.46,0.320000000000001,1.945));
#4766=CARTESIAN_POINT('',(4.46,0.04,1.905));
#4767=CARTESIAN_POINT('',(4.46,0.13,0.13));
#4768=CARTESIAN_POINT('',(4.46,0.13,0.));
#4769=CARTESIAN_POINT('',(4.46,8.5,0.));
#4770=CARTESIAN_POINT('',(4.46,8.5,1.945));
#4771=CARTESIAN_POINT('',(0.,0.13,0.));
#4772=CARTESIAN_POINT('',(0.,0.,0.));
#4773=CARTESIAN_POINT('',(0.0449999999999999,0.475000000000002,0.29));
#4774=CARTESIAN_POINT('',(0.0450000000000002,0.475,1.405));
#4775=CARTESIAN_POINT('',(0.0450000000000002,0.475000000000002,0.425));
#4776=CARTESIAN_POINT('',(0.0450000000000002,0.535000000000001,1.405));
#4777=CARTESIAN_POINT('',(0.0450000000000002,0.595000000000001,1.405));
#4778=CARTESIAN_POINT('',(0.0449999999999999,0.595000000000001,0.29));
#4779=CARTESIAN_POINT('',(0.0450000000000002,0.595,0.425));
#4780=CARTESIAN_POINT('',(0.0450000000000002,0.535000000000003,0.425));
#4781=CARTESIAN_POINT('',(0.045,0.200000000000002,0.289999999999999));
#4782=CARTESIAN_POINT('',(0.0450000000000002,0.2,1.405));
#4783=CARTESIAN_POINT('',(0.0450000000000002,0.200000000000002,0.425));
#4784=CARTESIAN_POINT('',(0.0450000000000002,0.260000000000001,1.405));
#4785=CARTESIAN_POINT('',(0.0450000000000002,0.320000000000001,1.405));
#4786=CARTESIAN_POINT('',(0.0449999999999999,0.320000000000001,0.29));
#4787=CARTESIAN_POINT('',(0.0450000000000002,0.32,0.425));
#4788=CARTESIAN_POINT('',(0.0450000000000002,0.260000000000003,0.425));
#4789=CARTESIAN_POINT('',(0.0449999999999997,0.04,1.905));
#4790=CARTESIAN_POINT('',(0.0449999999999999,0.719999999999999,0.29));
#4791=CARTESIAN_POINT('',(0.0449999999999999,0.719999999999999,0.29));
#4792=CARTESIAN_POINT('',(4.415,0.475000000000002,0.290000000000001));
#4793=CARTESIAN_POINT('',(4.415,0.475000000000002,0.425));
#4794=CARTESIAN_POINT('',(4.415,0.475000000000001,1.405));
#4795=CARTESIAN_POINT('',(4.415,0.535000000000003,0.425));
#4796=CARTESIAN_POINT('',(4.415,0.595,0.425));
#4797=CARTESIAN_POINT('',(4.415,0.595000000000001,0.29));
#4798=CARTESIAN_POINT('',(4.415,0.595000000000001,1.405));
#4799=CARTESIAN_POINT('',(4.415,0.535000000000001,1.405));
#4800=CARTESIAN_POINT('',(4.415,0.200000000000002,0.290000000000001));
#4801=CARTESIAN_POINT('',(4.415,0.200000000000002,0.425));
#4802=CARTESIAN_POINT('',(4.415,0.200000000000001,1.405));
#4803=CARTESIAN_POINT('',(4.415,0.260000000000003,0.425));
#4804=CARTESIAN_POINT('',(4.415,0.32,0.425));
#4805=CARTESIAN_POINT('',(4.415,0.320000000000001,0.29));
#4806=CARTESIAN_POINT('',(4.415,0.320000000000001,1.405));
#4807=CARTESIAN_POINT('',(4.415,0.260000000000001,1.405));
#4808=CARTESIAN_POINT('',(4.415,0.04,1.905));
#4809=CARTESIAN_POINT('',(4.415,7.7715611723761E-16,0.29));
#4810=CARTESIAN_POINT('',(4.415,7.7715611723761E-16,0.29));
#4811=CARTESIAN_POINT('',(0.794999999999999,0.720000000000001,0.29));
#4812=CARTESIAN_POINT('',(0.794999999999999,0.125000000000001,0.29));
#4813=CARTESIAN_POINT('',(4.225,0.125000000000001,0.29));
#4814=CARTESIAN_POINT('',(4.225,0.125000000000001,0.29));
#4815=CARTESIAN_POINT('',(0.794999999999999,0.125000000000001,0.29));
#4816=CARTESIAN_POINT('',(0.,0.,0.29));
#4817=CARTESIAN_POINT('',(5.4,0.2,1.405));
#4818=CARTESIAN_POINT('',(5.4,0.320000000000001,1.405));
#4819=CARTESIAN_POINT('',(5.4,0.260000000000001,1.405));
#4820=CARTESIAN_POINT('',(5.4,0.32,0.425));
#4821=CARTESIAN_POINT('',(5.4,0.320000000000001,0.425));
#4822=CARTESIAN_POINT('',(5.4,0.200000000000002,0.425));
#4823=CARTESIAN_POINT('',(5.4,0.260000000000003,0.425));
#4824=CARTESIAN_POINT('',(5.4,0.2,1.405));
#4825=CARTESIAN_POINT('',(5.4,0.475,1.405));
#4826=CARTESIAN_POINT('',(5.4,0.595000000000001,1.405));
#4827=CARTESIAN_POINT('',(5.4,0.535000000000001,1.405));
#4828=CARTESIAN_POINT('',(5.4,0.595,0.425));
#4829=CARTESIAN_POINT('',(5.4,0.595000000000001,0.425));
#4830=CARTESIAN_POINT('',(5.4,0.475000000000002,0.425));
#4831=CARTESIAN_POINT('',(5.4,0.535000000000003,0.425));
#4832=CARTESIAN_POINT('',(5.4,0.475,1.405));
#4833=CARTESIAN_POINT('',(5.4,0.200000000000002,0.425));
#4834=CARTESIAN_POINT('',(5.4,0.2,1.405));
#4835=CARTESIAN_POINT('',(5.4,0.2,1.405));
#4836=CARTESIAN_POINT('',(5.4,0.32,0.425));
#4837=CARTESIAN_POINT('',(5.4,0.260000000000003,0.425));
#4838=CARTESIAN_POINT('',(5.4,0.320000000000001,1.405));
#4839=CARTESIAN_POINT('',(5.4,0.320000000000001,0.425));
#4840=CARTESIAN_POINT('',(5.4,0.260000000000001,1.405));
#4841=CARTESIAN_POINT('',(5.4,0.475000000000002,0.425));
#4842=CARTESIAN_POINT('',(5.4,0.475,1.405));
#4843=CARTESIAN_POINT('',(5.4,0.475,1.405));
#4844=CARTESIAN_POINT('',(5.4,0.595,0.425));
#4845=CARTESIAN_POINT('',(5.4,0.535000000000003,0.425));
#4846=CARTESIAN_POINT('',(5.4,0.595000000000001,1.405));
#4847=CARTESIAN_POINT('',(5.4,0.595000000000001,0.425));
#4848=CARTESIAN_POINT('',(5.4,0.535000000000001,1.405));
#4849=CARTESIAN_POINT('',(5.4,0.750000000000002,0.425));
#4850=CARTESIAN_POINT('',(5.4,0.75,1.405));
#4851=CARTESIAN_POINT('',(5.4,0.75,1.405));
#4852=CARTESIAN_POINT('',(5.4,0.87,0.425));
#4853=CARTESIAN_POINT('',(5.4,0.810000000000003,0.425));
#4854=CARTESIAN_POINT('',(5.4,0.870000000000001,1.405));
#4855=CARTESIAN_POINT('',(5.4,0.870000000000001,0.425));
#4856=CARTESIAN_POINT('',(5.4,0.81,1.405));
#4857=CARTESIAN_POINT('',(0.794999999999999,0.125000000000001,0.94));
#4858=CARTESIAN_POINT('',(0.794999999999999,0.125000000000001,0.94));
#4859=CARTESIAN_POINT('',(0.794999999999999,0.720000000000001,0.94));
#4860=CARTESIAN_POINT('',(0.794999999999999,0.720000000000001,0.94));
#4861=CARTESIAN_POINT('',(3.98684916437871,0.125000000000001,0.681029526424332));
#4862=CARTESIAN_POINT('',(3.98684916437871,0.125000000000001,0.831029526424332));
#4863=CARTESIAN_POINT('',(3.25084916437871,0.125000000000001,0.681029526424332));
#4864=CARTESIAN_POINT('',(3.25084916437871,0.125000000000001,0.831029526424332));
#4865=CARTESIAN_POINT('',(2.51484916437871,0.125000000000001,0.681029526424332));
#4866=CARTESIAN_POINT('',(2.51484916437871,0.125000000000001,0.831029526424332));
#4867=CARTESIAN_POINT('',(1.77884916437871,0.125000000000001,0.681029526424332));
#4868=CARTESIAN_POINT('',(1.77884916437871,0.125000000000001,0.831029526424332));
#4869=CARTESIAN_POINT('',(1.04284916437871,0.125000000000001,0.681029526424332));
#4870=CARTESIAN_POINT('',(1.04284916437871,0.125000000000001,0.831029526424332));
#4871=CARTESIAN_POINT('',(1.41084916437871,0.125000000000001,0.681029526424332));
#4872=CARTESIAN_POINT('',(1.41084916437871,0.125000000000001,0.831029526424332));
#4873=CARTESIAN_POINT('',(2.14684916437871,0.125000000000001,0.681029526424332));
#4874=CARTESIAN_POINT('',(2.14684916437871,0.125000000000001,0.831029526424332));
#4875=CARTESIAN_POINT('',(2.88284916437871,0.125000000000001,0.681029526424332));
#4876=CARTESIAN_POINT('',(2.88284916437871,0.125000000000001,0.831029526424332));
#4877=CARTESIAN_POINT('',(3.61884916437871,0.125000000000001,0.681029526424332));
#4878=CARTESIAN_POINT('',(3.61884916437871,0.125000000000001,0.831029526424332));
#4879=CARTESIAN_POINT('',(4.225,0.125000000000001,0.94));
#4880=CARTESIAN_POINT('',(4.225,0.125000000000001,0.94));
#4881=CARTESIAN_POINT('',(0.794999999999999,0.125000000000001,0.94));
#4882=CARTESIAN_POINT('',(0.794999999999999,0.125000000000001,0.94));
#4883=CARTESIAN_POINT('',(4.225,0.125000000000001,0.94));
#4884=CARTESIAN_POINT('',(4.225,0.125000000000001,0.94));
#4885=CARTESIAN_POINT('',(0.,0.,0.94));
#4886=CARTESIAN_POINT('',(3.61884916437871,-0.374999999999999,0.681029526424332));
#4887=CARTESIAN_POINT('',(3.76884916437871,-0.374999999999999,0.681029526424332));
#4888=CARTESIAN_POINT('',(3.61884916437871,-0.374999999999999,0.681029526424332));
#4889=CARTESIAN_POINT('',(3.61884916437871,-0.374999999999999,0.681029526424332));
#4890=CARTESIAN_POINT('',(2.88284916437871,-0.374999999999999,0.681029526424332));
#4891=CARTESIAN_POINT('',(3.03284916437871,-0.374999999999999,0.681029526424332));
#4892=CARTESIAN_POINT('',(2.88284916437871,-0.374999999999999,0.681029526424332));
#4893=CARTESIAN_POINT('',(2.88284916437871,-0.374999999999999,0.681029526424332));
#4894=CARTESIAN_POINT('',(2.14684916437871,-0.374999999999999,0.681029526424332));
#4895=CARTESIAN_POINT('',(2.29684916437871,-0.374999999999999,0.681029526424332));
#4896=CARTESIAN_POINT('',(2.14684916437871,-0.374999999999999,0.681029526424332));
#4897=CARTESIAN_POINT('',(2.14684916437871,-0.374999999999999,0.681029526424332));
#4898=CARTESIAN_POINT('',(1.41084916437871,-0.374999999999999,0.681029526424332));
#4899=CARTESIAN_POINT('',(1.56084916437871,-0.374999999999999,0.681029526424332));
#4900=CARTESIAN_POINT('',(1.41084916437871,-0.374999999999999,0.681029526424332));
#4901=CARTESIAN_POINT('',(1.41084916437871,-0.374999999999999,0.681029526424332));
#4902=CARTESIAN_POINT('',(1.04284916437871,-0.374999999999999,0.681029526424332));
#4903=CARTESIAN_POINT('',(1.19284916437871,-0.374999999999999,0.681029526424332));
#4904=CARTESIAN_POINT('',(1.04284916437871,-0.374999999999999,0.681029526424332));
#4905=CARTESIAN_POINT('',(1.04284916437871,-0.374999999999999,0.681029526424332));
#4906=CARTESIAN_POINT('',(1.77884916437871,-0.374999999999999,0.681029526424332));
#4907=CARTESIAN_POINT('',(1.92884916437871,-0.374999999999999,0.681029526424332));
#4908=CARTESIAN_POINT('',(1.77884916437871,-0.374999999999999,0.681029526424332));
#4909=CARTESIAN_POINT('',(1.77884916437871,-0.374999999999999,0.681029526424332));
#4910=CARTESIAN_POINT('',(2.51484916437871,-0.374999999999999,0.681029526424332));
#4911=CARTESIAN_POINT('',(2.66484916437871,-0.374999999999999,0.681029526424332));
#4912=CARTESIAN_POINT('',(2.51484916437871,-0.374999999999999,0.681029526424332));
#4913=CARTESIAN_POINT('',(2.51484916437871,-0.374999999999999,0.681029526424332));
#4914=CARTESIAN_POINT('',(3.25084916437871,-0.374999999999999,0.681029526424332));
#4915=CARTESIAN_POINT('',(3.40084916437871,-0.374999999999999,0.681029526424332));
#4916=CARTESIAN_POINT('',(3.25084916437871,-0.374999999999999,0.681029526424332));
#4917=CARTESIAN_POINT('',(3.25084916437871,-0.374999999999999,0.681029526424332));
#4918=CARTESIAN_POINT('',(3.98684916437871,-0.374999999999999,0.681029526424332));
#4919=CARTESIAN_POINT('',(4.13684916437871,-0.374999999999999,0.681029526424332));
#4920=CARTESIAN_POINT('',(3.98684916437871,-0.374999999999999,0.681029526424332));
#4921=CARTESIAN_POINT('',(3.98684916437871,-0.374999999999999,0.681029526424332));
#4922=CARTESIAN_POINT('',(0.,0.13,0.13));
#4923=CARTESIAN_POINT('',(4.46,0.04,1.905));
#4924=CARTESIAN_POINT('',(4.46,0.04,1.905));
#4925=CARTESIAN_POINT('',(1.39250000000078,0.194999999999996,1.945));
#4926=CARTESIAN_POINT('',(1.39250000000078,0.254999999999996,1.945));
#4927=CARTESIAN_POINT('',(1.39250000000078,0.194999999999996,1.845));
#4928=CARTESIAN_POINT('',(1.33250000000078,0.194999999999996,1.845));
#4929=CARTESIAN_POINT('',(1.39250000000078,0.194999999999996,1.22));
#4930=CARTESIAN_POINT('',(3.06749999999922,0.194999999999995,1.945));
#4931=CARTESIAN_POINT('',(3.06749999999922,0.254999999999995,1.945));
#4932=CARTESIAN_POINT('',(3.06749999999922,0.194999999999995,1.845));
#4933=CARTESIAN_POINT('',(3.00749999999922,0.194999999999995,1.845));
#4934=CARTESIAN_POINT('',(3.06749999999922,0.194999999999995,1.22));
#4935=CARTESIAN_POINT('',(0.15,0.,1.795));
#4936=CARTESIAN_POINT('',(0.15,1.92531770705209E-17,0.29));
#4937=CARTESIAN_POINT('',(0.15,0.,0.15));
#4938=CARTESIAN_POINT('',(0.15,-1.03,0.29));
#4939=CARTESIAN_POINT('',(0.15,0.719999999999999,0.29));
#4940=CARTESIAN_POINT('',(0.15,0.72,1.795));
#4941=CARTESIAN_POINT('',(0.15,0.72,1.795));
#4942=CARTESIAN_POINT('',(0.15,-1.03,1.795));
#4943=CARTESIAN_POINT('',(0.15,-1.03,1.795));
#4944=CARTESIAN_POINT('',(0.15,-1.03,1.795));
#4945=CARTESIAN_POINT('',(0.15,-1.03,0.15));
#4946=CARTESIAN_POINT('',(0.15,-1.03,0.15));
#4947=CARTESIAN_POINT('',(0.15,-1.03,1.29599999999636));
#4948=CARTESIAN_POINT('',(0.15,0.409999999998095,1.29599999999636));
#4949=CARTESIAN_POINT('',(0.15,0.110000000001907,1.29599999999636));
#4950=CARTESIAN_POINT('',(0.15,0.110000000001907,1.795));
#4951=CARTESIAN_POINT('',(0.15,0.110000000001907,1.51399999999636));
#4952=CARTESIAN_POINT('',(0.15,-1.03,1.51400000000364));
#4953=CARTESIAN_POINT('',(0.15,0.409999999998095,1.51400000000364));
#4954=CARTESIAN_POINT('',(0.15,0.409999999998094,1.795));
#4955=CARTESIAN_POINT('',(0.15,-1.03,1.795));
#4956=CARTESIAN_POINT('',(4.31,0.,0.15));
#4957=CARTESIAN_POINT('',(4.31,0.,0.15));
#4958=CARTESIAN_POINT('',(4.31,7.24250620245347E-16,0.29));
#4959=CARTESIAN_POINT('',(4.31,-1.03,0.15));
#4960=CARTESIAN_POINT('',(4.31,-1.03,0.15));
#4961=CARTESIAN_POINT('',(4.31,-1.03,0.15));
#4962=CARTESIAN_POINT('',(4.31,-1.03,1.795));
#4963=CARTESIAN_POINT('',(4.31,-1.03,1.795));
#4964=CARTESIAN_POINT('',(4.31,0.72,1.795));
#4965=CARTESIAN_POINT('',(4.31,0.72,0.15));
#4966=CARTESIAN_POINT('',(4.31,0.720000000000002,0.29));
#4967=CARTESIAN_POINT('',(4.31,-1.03,0.29));
#4968=CARTESIAN_POINT('',(4.31,-1.03,1.51400000000364));
#4969=CARTESIAN_POINT('',(4.31,0.110000000001907,1.51399999999636));
#4970=CARTESIAN_POINT('',(4.31,0.409999999998095,1.51400000000364));
#4971=CARTESIAN_POINT('',(4.31,0.110000000001907,0.15));
#4972=CARTESIAN_POINT('',(4.31,0.110000000001907,1.296));
#4973=CARTESIAN_POINT('',(4.31,-1.03,1.29599999999636));
#4974=CARTESIAN_POINT('',(4.31,0.409999999998095,1.29599999999636));
#4975=CARTESIAN_POINT('',(4.31,0.409999999998096,0.150000000000001));
#4976=CARTESIAN_POINT('',(4.31,-1.03,0.15));
#4977=CARTESIAN_POINT('',(4.415,0.260000000000001,1.405));
#4978=CARTESIAN_POINT('',(4.415,0.320000000000001,1.405));
#4979=CARTESIAN_POINT('',(4.37,0.260000000000001,1.405));
#4980=CARTESIAN_POINT('',(4.37,0.260000000000001,1.465));
#4981=CARTESIAN_POINT('',(-0.355,0.260000000000001,1.405));
#4982=CARTESIAN_POINT('',(-2.95064588789366E-16,-1.12,0.));
#4983=CARTESIAN_POINT('',(4.4,-1.12,0.));
#4984=CARTESIAN_POINT('',(0.0599999999999996,-1.12,0.));
#4985=CARTESIAN_POINT('',(0.0599999999999996,-1.03,0.));
#4986=CARTESIAN_POINT('',(0.0599999999999996,0.13,0.));
#4987=CARTESIAN_POINT('',(0.,0.13,0.));
#4988=CARTESIAN_POINT('',(4.4,0.13,0.));
#4989=CARTESIAN_POINT('',(4.4,-1.03,0.));
#4990=CARTESIAN_POINT('',(0.,-1.03,0.));
#4991=CARTESIAN_POINT('',(4.46,-1.12,0.));
#4992=CARTESIAN_POINT('',(4.46,-1.12,1.945));
#4993=CARTESIAN_POINT('',(4.46,-1.12,0.0599999999999999));
#4994=CARTESIAN_POINT('',(4.46,-1.03,0.0599999999999999));
#4995=CARTESIAN_POINT('',(4.46,0.0204554884989668,0.0599999999999999));
#4996=CARTESIAN_POINT('',(4.46,0.13,0.13));
#4997=CARTESIAN_POINT('',(4.46,0.,0.13));
#4998=CARTESIAN_POINT('',(4.46,0.,1.945));
#4999=CARTESIAN_POINT('',(4.46,0.,1.905));
#5000=CARTESIAN_POINT('',(4.46,0.04,1.905));
#5001=CARTESIAN_POINT('',(4.46,0.0399999999999996,1.945));
#5002=CARTESIAN_POINT('',(4.46,-1.03,1.945));
#5003=CARTESIAN_POINT('',(4.46,-1.03,1.905));
#5004=CARTESIAN_POINT('',(2.70061177929592,-0.680621966065758,1.945));
#5005=CARTESIAN_POINT('',(2.70061177929592,-0.430621966065758,1.945));
#5006=CARTESIAN_POINT('',(0.812759079890384,0.194999999999995,1.945));
#5007=CARTESIAN_POINT('',(0.812759079890384,0.444999999999995,1.945));
#5008=CARTESIAN_POINT('',(-3.41480999208033E-16,-1.03,1.945));
#5009=CARTESIAN_POINT('',(-3.41480999208033E-16,-1.12,1.945));
#5010=CARTESIAN_POINT('',(-1.29668484615602E-18,0.04,1.945));
#5011=CARTESIAN_POINT('',(4.46,-1.12,1.945));
#5012=CARTESIAN_POINT('',(4.46,0.04,1.945));
#5013=CARTESIAN_POINT('',(4.415,0.04,1.945));
#5014=CARTESIAN_POINT('',(4.415,7.7715611723761E-16,1.945));
#5015=CARTESIAN_POINT('',(4.415,0.720000000000002,1.945));
#5016=CARTESIAN_POINT('',(0.0449999999999996,0.719999999999999,1.945));
#5017=CARTESIAN_POINT('',(0.0449999999999999,0.719999999999999,1.945));
#5018=CARTESIAN_POINT('',(0.0449999999999999,0.719999999999999,1.945));
#5019=CARTESIAN_POINT('',(0.045,0.04,1.945));
#5020=CARTESIAN_POINT('',(0.0450000000000002,0.04,1.945));
#5021=CARTESIAN_POINT('',(0.0449999999999996,-1.03,1.945));
#5022=CARTESIAN_POINT('',(-4.21422575000707E-18,0.13,0.13));
#5023=CARTESIAN_POINT('',(-6.63108048933235E-19,0.0204554884989668,0.0599999999999999));
#5024=CARTESIAN_POINT('',(0.,0.,0.13));
#5025=CARTESIAN_POINT('',(-3.60078820217532E-16,-1.03,0.0599999999999999));
#5026=CARTESIAN_POINT('',(-3.60078820217532E-16,-1.12,0.0599999999999999));
#5027=CARTESIAN_POINT('',(-3.60078820217532E-16,-1.12,1.945));
#5028=CARTESIAN_POINT('',(0.,0.04,1.905));
#5029=CARTESIAN_POINT('',(0.,0.,1.905));
#5030=CARTESIAN_POINT('',(0.,0.,1.945));
#5031=CARTESIAN_POINT('',(-3.60078820217532E-16,-1.03,1.905));
#5032=CARTESIAN_POINT('',(4.415,0.720000000000002,0.29));
#5033=CARTESIAN_POINT('',(4.415,0.720000000000002,0.29));
#5034=CARTESIAN_POINT('',(4.31,0.72,1.795));
#5035=CARTESIAN_POINT('',(4.415,0.720000000000002,0.29));
#5036=CARTESIAN_POINT('',(0.0449999999999999,0.719999999999999,0.29));
#5037=CARTESIAN_POINT('',(0.0449999999999999,0.719999999999999,0.29));
#5038=CARTESIAN_POINT('',(4.415,0.720000000000002,0.29));
#5039=CARTESIAN_POINT('',(-3.52812655683994E-16,0.719999999999999,0.));
#5040=CARTESIAN_POINT('',(1.28350000000243,0.0449999999963051,1.795));
#5041=CARTESIAN_POINT('',(1.28350000000243,0.0449999999963051,1.795));
#5042=CARTESIAN_POINT('',(1.28350000000243,0.345000000003685,1.795));
#5043=CARTESIAN_POINT('',(1.50150000000243,0.0449999999963057,1.795));
#5044=CARTESIAN_POINT('',(1.50150000000243,0.0449999999963058,1.795));
#5045=CARTESIAN_POINT('',(1.50150000000243,0.345000000003687,1.795));
#5046=CARTESIAN_POINT('',(1.50150000000243,0.345000000003687,1.795));
#5047=CARTESIAN_POINT('',(1.28350000000243,0.345000000003687,1.795));
#5048=CARTESIAN_POINT('',(2.95850000000494,0.0449999999999951,1.795));
#5049=CARTESIAN_POINT('',(2.95850000000494,0.0449999999999951,1.795));
#5050=CARTESIAN_POINT('',(2.95850000000494,0.344999999995922,1.795));
#5051=CARTESIAN_POINT('',(3.1764999999935,0.0449999999959223,1.795));
#5052=CARTESIAN_POINT('',(3.1764999999935,0.0449999999959224,1.795));
#5053=CARTESIAN_POINT('',(3.1764999999935,0.345000000004068,1.795));
#5054=CARTESIAN_POINT('',(3.1764999999935,0.345000000004067,1.795));
#5055=CARTESIAN_POINT('',(2.95850000000494,0.345000000004068,1.795));
#5056=CARTESIAN_POINT('',(2.70061177929592,-0.680621966065758,1.795));
#5057=CARTESIAN_POINT('',(2.45061177929592,-0.680621966065758,1.795));
#5058=CARTESIAN_POINT('',(0.812759079890384,0.194999999999995,1.795));
#5059=CARTESIAN_POINT('',(0.562759079890384,0.194999999999995,1.795));
#5060=CARTESIAN_POINT('',(4.31,-1.03,1.795));
#5061=CARTESIAN_POINT('',(4.31,-1.03,1.795));
#5062=CARTESIAN_POINT('',(0.149999999999999,0.,0.15));
#5063=CARTESIAN_POINT('',(0.149999999999999,-1.03,0.15));
#5064=CARTESIAN_POINT('',(0.149999999999999,-1.03,0.15));
#5065=CARTESIAN_POINT('',(0.0449999999999999,1.45877045192555E-18,0.29));
#5066=CARTESIAN_POINT('',(0.045,0.,0.29));
#5067=CARTESIAN_POINT('',(0.0449999999999999,0.719999999999999,0.29));
#5068=CARTESIAN_POINT('',(0.,0.,0.29));
#5069=CARTESIAN_POINT('',(0.0449999999999999,1.45877045192555E-18,0.29));
#5070=CARTESIAN_POINT('',(4.415,7.42045026863942E-16,0.29));
#5071=CARTESIAN_POINT('',(4.415,7.42045026863942E-16,0.29));
#5072=CARTESIAN_POINT('',(4.415,7.42045026863942E-16,1.905));
#5073=CARTESIAN_POINT('',(4.415,0.,1.905));
#5074=CARTESIAN_POINT('',(4.46,0.,0.13));
#5075=CARTESIAN_POINT('',(0.,0.,1.905));
#5076=CARTESIAN_POINT('',(0.045,0.,1.905));
#5077=CARTESIAN_POINT('',(0.045,0.,0.29));
#5078=CARTESIAN_POINT('',(4.46,0.,1.945));
#5079=CARTESIAN_POINT('',(0.045,0.260000000000001,1.405));
#5080=CARTESIAN_POINT('',(0.045,0.200000000000001,1.405));
#5081=CARTESIAN_POINT('',(0.0449999999999997,0.04,1.905));
#5082=CARTESIAN_POINT('',(0.0449999999999999,0.719999999999999,0.29));
#5083=CARTESIAN_POINT('',(4.415,7.7715611723761E-16,0.29));
#5084=CARTESIAN_POINT('',(4.415,0.04,1.905));
#5085=CARTESIAN_POINT('',(4.415,7.7715611723761E-16,0.29));
#5086=CARTESIAN_POINT('',(0.,0.,0.29));
#5087=CARTESIAN_POINT('',(-0.0700000000000005,0.13,0.13));
#5088=CARTESIAN_POINT('',(4.53,0.13,0.13));
#5089=CARTESIAN_POINT('',(0.,0.13,0.13));
#5090=CARTESIAN_POINT('',(4.46,0.04,1.905));
#5091=CARTESIAN_POINT('',(4.46,0.04,1.905));
#5092=CARTESIAN_POINT('',(0.0899999999999993,0.260000000000001,1.405));
#5093=CARTESIAN_POINT('',(0.0899999999999993,0.260000000000001,1.465));
#5094=CARTESIAN_POINT('',(-0.355,0.260000000000001,1.405));
#5095=CARTESIAN_POINT('',(0.0899999999999993,0.110000000001907,1.296));
#5096=CARTESIAN_POINT('',(0.0899999999999993,0.110000000001907,1.51399999999636));
#5097=CARTESIAN_POINT('',(0.0899999999999993,0.110000000001907,1.296));
#5098=CARTESIAN_POINT('',(0.0899999999999993,0.409999999998095,1.29599999999636));
#5099=CARTESIAN_POINT('',(0.0899999999999993,0.409999999998095,1.29599999999636));
#5100=CARTESIAN_POINT('',(0.0899999999999993,0.409999999998095,1.51400000000364));
#5101=CARTESIAN_POINT('',(0.0899999999999993,0.409999999998095,1.51400000000364));
#5102=CARTESIAN_POINT('',(0.0899999999999993,0.110000000001907,1.51400000000364));
#5103=CARTESIAN_POINT('',(0.0899999999999993,0.,0.));
#5104=CARTESIAN_POINT('',(0.0899999999999993,0.409999999998095,1.29599999999636));
#5105=CARTESIAN_POINT('',(0.0899999999999993,0.110000000001907,1.296));
#5106=CARTESIAN_POINT('',(0.0899999999999993,0.409999999998095,1.29599999999636));
#5107=CARTESIAN_POINT('',(0.0899999999999993,0.409999999998095,1.51400000000364));
#5108=CARTESIAN_POINT('',(0.0899999999999993,0.409999999998095,1.51400000000364));
#5109=CARTESIAN_POINT('',(0.0899999999999993,0.110000000001907,1.51399999999636));
#5110=CARTESIAN_POINT('',(0.0899999999999993,0.110000000001907,1.51400000000364));
#5111=CARTESIAN_POINT('',(0.0899999999999993,0.110000000001907,1.296));
#5112=CARTESIAN_POINT('',(4.37,0.110000000001907,1.296));
#5113=CARTESIAN_POINT('',(4.37,0.110000000001907,1.51399999999636));
#5114=CARTESIAN_POINT('',(4.37,0.110000000001907,1.296));
#5115=CARTESIAN_POINT('',(4.37,0.110000000001907,1.51400000000364));
#5116=CARTESIAN_POINT('',(4.37,0.409999999998095,1.51400000000364));
#5117=CARTESIAN_POINT('',(4.37,0.409999999998095,1.51400000000364));
#5118=CARTESIAN_POINT('',(4.37,0.409999999998095,1.29599999999636));
#5119=CARTESIAN_POINT('',(4.37,0.409999999998095,1.29599999999636));
#5120=CARTESIAN_POINT('',(4.37,0.,0.));
#5121=CARTESIAN_POINT('',(0.0899999999999993,0.110000000001907,1.51399999999636));
#5122=CARTESIAN_POINT('',(0.0899999999999993,0.110000000001907,1.296));
#5123=CARTESIAN_POINT('',(0.0899999999999993,0.110000000001907,1.296));
#5124=CARTESIAN_POINT('',(0.0899999999999993,0.409999999998095,1.51400000000364));
#5125=CARTESIAN_POINT('',(0.0899999999999993,0.110000000001907,1.51400000000364));
#5126=CARTESIAN_POINT('',(0.0899999999999993,0.409999999998095,1.29599999999636));
#5127=CARTESIAN_POINT('',(0.0899999999999993,0.409999999998095,1.51400000000364));
#5128=CARTESIAN_POINT('',(0.0899999999999993,0.409999999998095,1.29599999999636));
#5129=CARTESIAN_POINT('',(0.692499999996626,-1.18,0.972499999999999));
#5130=CARTESIAN_POINT('',(0.926999999996626,-1.18,0.972499999999999));
#5131=CARTESIAN_POINT('',(0.692499999996626,-1.03,0.972499999999999));
#5132=CARTESIAN_POINT('',(0.926999999996626,-1.03,0.972499999999999));
#5133=CARTESIAN_POINT('',(0.692499999996626,-1.18,0.972499999999999));
#5134=CARTESIAN_POINT('',(3.46,-1.18,1.25556747712336));
#5135=CARTESIAN_POINT('',(3.71,-1.18,1.25556747712336));
#5136=CARTESIAN_POINT('',(3.46,-1.03,1.25556747712336));
#5137=CARTESIAN_POINT('',(3.71,-1.03,1.25556747712336));
#5138=CARTESIAN_POINT('',(3.46,-1.18,1.25556747712336));
#5139=CARTESIAN_POINT('',(0.0599999999999996,-1.18,2.73184799366426E-16));
#5140=CARTESIAN_POINT('',(0.0599999999999996,-1.18,1.885));
#5141=CARTESIAN_POINT('',(0.0599999999999996,-1.18,0.06));
#5142=CARTESIAN_POINT('',(4.46,-1.18,0.06));
#5143=CARTESIAN_POINT('',(4.4,-1.18,0.06));
#5144=CARTESIAN_POINT('',(4.4,-1.18,1.945));
#5145=CARTESIAN_POINT('',(4.4,-1.18,1.885));
#5146=CARTESIAN_POINT('',(-2.95064588789366E-16,-1.18,1.885));
#5147=CARTESIAN_POINT('',(0.692499999996626,-1.18,0.972499999999999));
#5148=CARTESIAN_POINT('',(0.692499999996626,-1.03,0.972499999999999));
#5149=CARTESIAN_POINT('',(0.812759079890384,0.194999999999995,1.22));
#5150=CARTESIAN_POINT('',(2.70061177929592,-0.680621966065758,1.22));
#5151=CARTESIAN_POINT('',(4.4,-1.18,0.06));
#5152=CARTESIAN_POINT('',(4.09583333333334,-1.48416666666667,1.58083333333333));
#5153=CARTESIAN_POINT('',(4.4,-1.18,0.972499999999999));
#5154=CARTESIAN_POINT('',(4.43,-1.12,0.0299999999999989));
#5155=CARTESIAN_POINT('',(4.46,-1.03,0.0599999999999999));
#5156=CARTESIAN_POINT('',(0.270833333332211,-1.39083333333221,1.67416666666779));
#5157=CARTESIAN_POINT('',(0.692499999996626,-1.18,1.885));
#5158=CARTESIAN_POINT('',(4.4,-1.18,0.06));
#5159=CARTESIAN_POINT('',(4.4,-1.18,0.06));
#5160=CARTESIAN_POINT('',(-3.66115408472191E-16,-1.12,0.0599999999999999));
#5161=CARTESIAN_POINT('',(0.0599999999999996,-1.18,0.972499999999999));
#5162=CARTESIAN_POINT('',(0.0599999999999996,-1.15,0.03));
#5163=CARTESIAN_POINT('',(0.692499999996626,-1.18,0.06));
#5164=CARTESIAN_POINT('',(-3.60078820217532E-16,-1.12,0.0599999999999999));
#5165=CARTESIAN_POINT('',(-3.60078820217532E-16,-1.12,0.0599999999999999));
#5166=CARTESIAN_POINT('',(0.0599999999999996,-1.03,0.));
#5167=CARTESIAN_POINT('',(2.95850000000494,0.0449999999999951,1.845));
#5168=CARTESIAN_POINT('',(2.95850000000494,0.344999999995922,1.845));
#5169=CARTESIAN_POINT('',(2.95850000000494,0.0449999999999951,1.845));
#5170=CARTESIAN_POINT('',(2.95850000000494,0.345000000004068,1.845));
#5171=CARTESIAN_POINT('',(3.1764999999935,0.345000000004067,1.845));
#5172=CARTESIAN_POINT('',(3.1764999999935,0.345000000004068,1.845));
#5173=CARTESIAN_POINT('',(3.1764999999935,0.0449999999959224,1.845));
#5174=CARTESIAN_POINT('',(3.1764999999935,0.0449999999959223,1.845));
#5175=CARTESIAN_POINT('',(0.,0.,1.845));
#5176=CARTESIAN_POINT('',(2.95850000000494,0.344999999995922,1.845));
#5177=CARTESIAN_POINT('',(2.95850000000494,0.0449999999999951,1.845));
#5178=CARTESIAN_POINT('',(2.95850000000494,0.0449999999999951,1.845));
#5179=CARTESIAN_POINT('',(3.1764999999935,0.345000000004067,1.845));
#5180=CARTESIAN_POINT('',(2.95850000000494,0.345000000004068,1.845));
#5181=CARTESIAN_POINT('',(3.1764999999935,0.0449999999959224,1.845));
#5182=CARTESIAN_POINT('',(3.1764999999935,0.345000000004068,1.845));
#5183=CARTESIAN_POINT('',(3.1764999999935,0.0449999999959223,1.845));
#5184=CARTESIAN_POINT('',(1.28350000000243,0.0449999999963051,1.845));
#5185=CARTESIAN_POINT('',(1.28350000000243,0.345000000003685,1.845));
#5186=CARTESIAN_POINT('',(1.28350000000243,0.0449999999963051,1.845));
#5187=CARTESIAN_POINT('',(1.28350000000243,0.345000000003687,1.845));
#5188=CARTESIAN_POINT('',(1.50150000000243,0.345000000003687,1.845));
#5189=CARTESIAN_POINT('',(1.50150000000243,0.345000000003687,1.845));
#5190=CARTESIAN_POINT('',(1.50150000000243,0.0449999999963057,1.845));
#5191=CARTESIAN_POINT('',(1.50150000000243,0.0449999999963057,1.845));
#5192=CARTESIAN_POINT('',(0.,0.,1.845));
#5193=CARTESIAN_POINT('',(1.28350000000243,0.345000000003685,1.845));
#5194=CARTESIAN_POINT('',(1.28350000000243,0.0449999999963051,1.845));
#5195=CARTESIAN_POINT('',(1.28350000000243,0.0449999999963051,1.845));
#5196=CARTESIAN_POINT('',(1.50150000000243,0.345000000003687,1.845));
#5197=CARTESIAN_POINT('',(1.28350000000243,0.345000000003687,1.845));
#5198=CARTESIAN_POINT('',(1.50150000000243,0.0449999999963057,1.845));
#5199=CARTESIAN_POINT('',(1.50150000000243,0.345000000003687,1.845));
#5200=CARTESIAN_POINT('',(1.50150000000243,0.0449999999963057,1.845));
#5201=CARTESIAN_POINT('',(3.46,-1.03,1.25556747712336));
#5202=CARTESIAN_POINT('',(3.71,-1.03,1.25556747712336));
#5203=CARTESIAN_POINT('',(3.46,-1.18,1.25556747712336));
#5204=CARTESIAN_POINT('',(3.71,-1.18,1.25556747712336));
#5205=CARTESIAN_POINT('',(3.46,-1.03,1.25556747712336));
#5206=CARTESIAN_POINT('',(3.46,-1.39031373033403,1.25556747712336));
#5207=CARTESIAN_POINT('',(3.46,-1.39031373033403,1.09056747712336));
#5208=CARTESIAN_POINT('',(3.46,-1.03,1.25556747712336));
#5209=CARTESIAN_POINT('',(3.625,-1.03,1.25556747712336));
#5210=CARTESIAN_POINT('',(3.46,-1.03,1.25556747712336));
#5211=CARTESIAN_POINT('',(3.46,-1.03,1.25556747712336));
#5212=CARTESIAN_POINT('',(3.46,-1.33,1.25556747712336));
#5213=CARTESIAN_POINT('',(3.46,-1.33,0.955567477123356));
#5214=CARTESIAN_POINT('',(3.46,-1.18,1.25556747712336));
#5215=CARTESIAN_POINT('',(3.76,-1.18,1.25556747712336));
#5216=CARTESIAN_POINT('',(3.46,-1.43,1.25556747712336));
#5217=CARTESIAN_POINT('',(3.46,-1.18,1.25556747712336));
#5218=CARTESIAN_POINT('',(3.46,-1.43,1.25556747712336));
#5219=CARTESIAN_POINT('',(3.46,-1.43,1.05556747712336));
#5220=CARTESIAN_POINT('',(3.46,-1.43,1.25556747712336));
#5221=CARTESIAN_POINT('',(3.46,-1.39031373033403,1.25556747712336));
#5222=CARTESIAN_POINT('',(0.812759079890383,0.194999999999999,1.795));
#5223=CARTESIAN_POINT('',(0.812759079890383,0.444999999999999,1.795));
#5224=CARTESIAN_POINT('',(0.812759079890383,0.194999999999999,1.945));
#5225=CARTESIAN_POINT('',(0.812759079890383,0.444999999999999,1.945));
#5226=CARTESIAN_POINT('',(0.812759079890383,0.194999999999999,1.795));
#5227=CARTESIAN_POINT('',(0.812759079890383,0.194999999999999,2.055));
#5228=CARTESIAN_POINT('',(1.00025907989038,0.194999999999999,2.055));
#5229=CARTESIAN_POINT('',(0.812759079890383,0.194999999999999,1.795));
#5230=CARTESIAN_POINT('',(1.00025907989038,0.194999999999999,1.795));
#5231=CARTESIAN_POINT('',(0.812759079890383,0.194999999999999,1.795));
#5232=CARTESIAN_POINT('',(0.812759079890383,0.194999999999999,1.795));
#5233=CARTESIAN_POINT('',(0.812759079890383,0.194999999999999,2.035));
#5234=CARTESIAN_POINT('',(1.11275907989038,0.194999999999999,2.035));
#5235=CARTESIAN_POINT('',(0.812759079890383,0.194999999999999,1.945));
#5236=CARTESIAN_POINT('',(1.11275907989038,0.194999999999999,1.945));
#5237=CARTESIAN_POINT('',(0.812759079890383,0.194999999999999,2.095));
#5238=CARTESIAN_POINT('',(0.812759079890383,0.194999999999999,2.095));
#5239=CARTESIAN_POINT('',(1.04025907989038,0.194999999999999,2.095));
#5240=CARTESIAN_POINT('',(0.812759079890383,0.194999999999999,2.095));
#5241=CARTESIAN_POINT('',(1.05275907989038,0.194999999999999,2.095));
#5242=CARTESIAN_POINT('',(0.812759079890383,0.194999999999999,2.095));
#5243=CARTESIAN_POINT('',(0.812759079890383,0.194999999999999,1.945));
#5244=CARTESIAN_POINT('',(0.812759079890383,0.194999999999999,2.095));
#5245=CARTESIAN_POINT('',(0.812759079890383,0.194999999999999,2.055));
#5246=CARTESIAN_POINT('',(-0.132502761684846,0.,-0.575000000002581));
#5247=CARTESIAN_POINT('',(-0.132502761684846,0.,-0.575000000002581));
#5248=CARTESIAN_POINT('',(-0.132502761684846,0.,-0.305000000002581));
#5249=CARTESIAN_POINT('',(-0.317499999996628,0.,-0.575000000002581));
#5250=CARTESIAN_POINT('',(-0.317499999996627,0.,-0.575000000002581));
#5251=CARTESIAN_POINT('',(-0.317499999996627,0.,0.575000000002581));
#5252=CARTESIAN_POINT('',(-0.317499999996627,0.,0.575000000002581));
#5253=CARTESIAN_POINT('',(0.317499999996627,0.,0.575000000002581));
#5254=CARTESIAN_POINT('',(-0.132502761684848,0.,0.575000000002581));
#5255=CARTESIAN_POINT('',(-0.132502761684847,0.,0.305000000002582));
#5256=CARTESIAN_POINT('',(-0.132502761684847,0.,0.305000000002582));
#5257=CARTESIAN_POINT('',(0.147497238315153,0.,0.305000000002583));
#5258=CARTESIAN_POINT('',(0.147497238315153,0.,0.305000000002583));
#5259=CARTESIAN_POINT('',(0.147497238315151,0.,0.575000000002584));
#5260=CARTESIAN_POINT('',(0.147497238315152,0.,0.575000000002581));
#5261=CARTESIAN_POINT('',(0.317499999996627,0.,0.575000000002581));
#5262=CARTESIAN_POINT('',(0.317499999996627,0.,0.574999999997419));
#5263=CARTESIAN_POINT('',(0.317499999996627,0.,-0.575));
#5264=CARTESIAN_POINT('',(0.317499999996627,0.,-0.575000000002581));
#5265=CARTESIAN_POINT('',(-0.317499999996628,0.,-0.575000000002581));
#5266=CARTESIAN_POINT('',(0.147497238315154,0.,-0.575000000002581));
#5267=CARTESIAN_POINT('',(0.147497238315154,0.,-0.305000000002581));
#5268=CARTESIAN_POINT('',(0.147497238315154,0.,-0.305000000002581));
#5269=CARTESIAN_POINT('',(-0.132502761684846,0.,-0.305000000002581));
#5270=CARTESIAN_POINT('',(0.,0.,0.));
#5271=CARTESIAN_POINT('',(-0.317499999996627,-0.74,-0.575000000002581));
#5272=CARTESIAN_POINT('',(-0.317499999996627,-0.74,-0.575000000002581));
#5273=CARTESIAN_POINT('',(-0.317499999996627,-0.74,0.575000000002581));
#5274=CARTESIAN_POINT('',(-0.317499999996627,-0.74,0.575000000002581));
#5275=CARTESIAN_POINT('',(-0.317499999996627,-0.74,0.575000000002581));
#5276=CARTESIAN_POINT('',(-0.317499999996627,-0.74,0.575000000002581));
#5277=CARTESIAN_POINT('',(-0.132502761684846,0.31,-0.575000000002581));
#5278=CARTESIAN_POINT('',(-0.132502761684846,0.31,-0.575000000002581));
#5279=CARTESIAN_POINT('',(0.147497238315154,0.31,-0.575000000002581));
#5280=CARTESIAN_POINT('',(0.147497238315154,0.31,-0.575000000002581));
#5281=CARTESIAN_POINT('',(0.147497238315154,0.31,-0.575000000002581));
#5282=CARTESIAN_POINT('',(0.317499999996627,-0.74,-0.575000000002581));
#5283=CARTESIAN_POINT('',(0.317499999996627,-0.74,-0.575000000002581));
#5284=CARTESIAN_POINT('',(-0.317499999996628,-0.74,-0.575000000002581));
#5285=CARTESIAN_POINT('',(-0.317499999996628,-0.74,-0.575000000002581));
#5286=CARTESIAN_POINT('',(0.317499999996627,-0.74,0.574999999997419));
#5287=CARTESIAN_POINT('',(0.317499999996627,-0.74,0.574999999997419));
#5288=CARTESIAN_POINT('',(0.317499999996627,-0.74,-0.575));
#5289=CARTESIAN_POINT('',(0.317499999996627,-0.74,-0.575));
#5290=CARTESIAN_POINT('',(0.147497238315151,0.31,0.575000000002584));
#5291=CARTESIAN_POINT('',(0.147497238315151,0.31,0.575000000002584));
#5292=CARTESIAN_POINT('',(-0.132502761684849,0.31,0.575000000002582));
#5293=CARTESIAN_POINT('',(-0.132502761684849,0.31,0.575000000002582));
#5294=CARTESIAN_POINT('',(-0.132502761684849,0.31,0.575000000002582));
#5295=CARTESIAN_POINT('',(0.317499999996627,-0.74,0.575000000002581));
#5296=CARTESIAN_POINT('',(0.317499999996627,-0.74,0.575000000002581));
#5297=CARTESIAN_POINT('',(0.,-0.74,0.));
#5298=CARTESIAN_POINT('',(0.2325,-0.74,-1.4236519040088E-17));
#5299=CARTESIAN_POINT('',(0.,-0.74,0.));
#5300=CARTESIAN_POINT('',(-0.132502761684847,0.31,0.305000000002582));
#5301=CARTESIAN_POINT('',(-0.132502761684847,0.31,0.305000000002582));
#5302=CARTESIAN_POINT('',(-0.132502761684847,0.31,0.305000000002582));
#5303=CARTESIAN_POINT('',(-0.132502761684847,0.31,0.305000000002582));
#5304=CARTESIAN_POINT('',(0.147497238315153,0.31,0.305000000002583));
#5305=CARTESIAN_POINT('',(0.147497238315153,0.31,0.305000000002583));
#5306=CARTESIAN_POINT('',(0.147497238315151,0.31,0.575000000002584));
#5307=CARTESIAN_POINT('',(0.147497238315151,0.31,0.575000000002584));
#5308=CARTESIAN_POINT('',(0.147497238315153,0.31,0.305000000002583));
#5309=CARTESIAN_POINT('',(0.147497238315153,0.31,0.305000000002583));
#5310=CARTESIAN_POINT('',(0.,0.31,0.));
#5311=CARTESIAN_POINT('',(-0.132502761684846,0.31,-0.305000000002581));
#5312=CARTESIAN_POINT('',(-0.132502761684846,0.31,-0.305000000002581));
#5313=CARTESIAN_POINT('',(-0.132502761684846,0.31,-0.575000000002581));
#5314=CARTESIAN_POINT('',(-0.132502761684846,0.31,-0.575000000002581));
#5315=CARTESIAN_POINT('',(0.147497238315154,0.31,-0.305000000002581));
#5316=CARTESIAN_POINT('',(0.147497238315154,0.31,-0.305000000002581));
#5317=CARTESIAN_POINT('',(-0.132502761684846,0.31,-0.305000000002581));
#5318=CARTESIAN_POINT('',(-0.132502761684846,0.31,-0.305000000002581));
#5319=CARTESIAN_POINT('',(0.147497238315154,0.31,-0.305000000002581));
#5320=CARTESIAN_POINT('',(0.147497238315154,0.31,-0.305000000002581));
#5321=CARTESIAN_POINT('',(0.,0.31,0.));
#5322=CARTESIAN_POINT('',(0.,-1.2,0.));
#5323=CARTESIAN_POINT('',(0.2325,-1.2,-1.4236519040088E-17));
#5324=CARTESIAN_POINT('',(0.,-1.2,0.));
#5325=CARTESIAN_POINT('',(0.,-1.2,-0.023128853006375));
#5326=CARTESIAN_POINT('',(0.,-1.2,-0.152033936695892));
#5327=CARTESIAN_POINT('',(0.,-1.2,0.));
#5328=CARTESIAN_POINT('',(0.,-1.69175412997804,-0.272156408441078));
#5329=CARTESIAN_POINT('',(0.,-1.63979940802964,-0.374751276086903));
#5330=CARTESIAN_POINT('',(0.,-1.11187009545816,0.021500715615101));
#5331=CARTESIAN_POINT('',(0.,-1.72743930133311,-0.290227616075305));
#5332=CARTESIAN_POINT('',(0.,-1.69355578701893,-0.35713731236606));
#5333=CARTESIAN_POINT('',(0.,-1.72743930133311,-0.290227616075305));
#5334=CARTESIAN_POINT('',(0.,-1.69175412997804,-0.272156408441078));
#5335=CARTESIAN_POINT('',(-0.69249999999922,0.4,0.08));
#5336=CARTESIAN_POINT('',(-0.69249999999922,-0.3325,0.08));
#5337=CARTESIAN_POINT('',(-0.692499999999221,0.3325,0.08));
#5338=CARTESIAN_POINT('',(-0.69249999999922,0.3325,0.08));
#5339=CARTESIAN_POINT('',(-1.02749999999922,0.26,0.08));
#5340=CARTESIAN_POINT('',(-1.02749999999922,0.26,0.08));
#5341=CARTESIAN_POINT('',(-1.02749999999922,0.114437743988872,0.08));
#5342=CARTESIAN_POINT('',(-1.02749999999922,0.114437743988872,0.08));
#5343=CARTESIAN_POINT('',(-0.798757019834911,0.0686376754865971,0.08));
#5344=CARTESIAN_POINT('',(-0.812499999999221,0.,0.08));
#5345=CARTESIAN_POINT('',(-0.798757019834681,-0.0686376754865509,0.08));
#5346=CARTESIAN_POINT('',(-0.798757019834911,-0.0686376754865971,0.08));
#5347=CARTESIAN_POINT('',(-1.02749999999922,-0.114437743988872,0.08));
#5348=CARTESIAN_POINT('',(-1.02749999999922,-0.114437743988872,0.08));
#5349=CARTESIAN_POINT('',(-1.02749999999922,-0.26,0.08));
#5350=CARTESIAN_POINT('',(-1.02749999999922,-0.26,0.08));
#5351=CARTESIAN_POINT('',(0.812499999999221,0.,0.08));
#5352=CARTESIAN_POINT('',(0.692499999999219,-0.4,0.08));
#5353=CARTESIAN_POINT('',(0.69249999999922,0.3325,0.08));
#5354=CARTESIAN_POINT('',(0.69249999999922,-0.3325,0.08));
#5355=CARTESIAN_POINT('',(0.69249999999922,-0.3325,0.08));
#5356=CARTESIAN_POINT('',(1.02749999999922,-0.26,0.08));
#5357=CARTESIAN_POINT('',(1.02749999999922,-0.26,0.08));
#5358=CARTESIAN_POINT('',(1.02749999999922,-0.114437743988872,0.08));
#5359=CARTESIAN_POINT('',(1.02749999999922,-0.114437743988872,0.08));
#5360=CARTESIAN_POINT('',(0.798757019834911,-0.0686376754865971,0.08));
#5361=CARTESIAN_POINT('',(0.812499999999221,0.,0.08));
#5362=CARTESIAN_POINT('',(0.798757019834681,0.0686376754865509,0.08));
#5363=CARTESIAN_POINT('',(0.798757019834911,0.0686376754865971,0.08));
#5364=CARTESIAN_POINT('',(1.02749999999922,0.114437743988872,0.08));
#5365=CARTESIAN_POINT('',(1.02749999999922,0.114437743988872,0.08));
#5366=CARTESIAN_POINT('',(1.02749999999922,0.26,0.08));
#5367=CARTESIAN_POINT('',(1.02749999999922,0.26,0.08));
#5368=CARTESIAN_POINT('',(0.812499999999221,0.,0.08));
#5369=CARTESIAN_POINT('',(-1.02749999999922,-0.114437743988872,0.));
#5370=CARTESIAN_POINT('',(-1.02749999999922,-0.114437743988872,0.));
#5371=CARTESIAN_POINT('',(-1.02749999999922,-0.26,0.));
#5372=CARTESIAN_POINT('',(-1.02749999999922,-0.26,0.08));
#5373=CARTESIAN_POINT('',(-1.02749999999922,-0.114437743988872,0.08));
#5374=CARTESIAN_POINT('',(-1.02749999999922,-0.114437743988872,0.08));
#5375=CARTESIAN_POINT('',(-1.02749999999922,-0.26,0.));
#5376=CARTESIAN_POINT('',(-0.69249999999922,-0.3325,0.));
#5377=CARTESIAN_POINT('',(-0.69249999999922,-0.3325,0.08));
#5378=CARTESIAN_POINT('',(-1.02749999999922,-0.26,0.08));
#5379=CARTESIAN_POINT('',(0.69249999999922,-0.4,0.08));
#5380=CARTESIAN_POINT('',(0.69249999999922,-0.4,0.68));
#5381=CARTESIAN_POINT('',(0.69249999999922,-0.4,0.));
#5382=CARTESIAN_POINT('',(-0.69249999999922,-0.4,0.68));
#5383=CARTESIAN_POINT('',(-0.69249999999922,-0.4,0.68));
#5384=CARTESIAN_POINT('',(-0.69249999999922,-0.4,0.08));
#5385=CARTESIAN_POINT('',(-0.69249999999922,-0.4,0.));
#5386=CARTESIAN_POINT('',(-0.69249999999922,-0.4,0.));
#5387=CARTESIAN_POINT('',(-0.69249999999922,-0.4,0.08));
#5388=CARTESIAN_POINT('',(0.69249999999922,-0.3325,0.));
#5389=CARTESIAN_POINT('',(0.69249999999922,-0.3325,0.));
#5390=CARTESIAN_POINT('',(1.02749999999922,-0.26,0.));
#5391=CARTESIAN_POINT('',(1.02749999999922,-0.26,0.08));
#5392=CARTESIAN_POINT('',(0.69249999999922,-0.3325,0.08));
#5393=CARTESIAN_POINT('',(0.69249999999922,-0.3325,0.08));
#5394=CARTESIAN_POINT('',(1.02749999999922,-0.26,0.));
#5395=CARTESIAN_POINT('',(1.02749999999922,-0.114437743988872,0.));
#5396=CARTESIAN_POINT('',(1.02749999999922,-0.114437743988872,0.08));
#5397=CARTESIAN_POINT('',(1.02749999999922,-0.26,0.08));
#5398=CARTESIAN_POINT('',(1.02749999999922,-0.114437743988872,0.));
#5399=CARTESIAN_POINT('',(0.798757019834911,-0.0686376754865971,0.));
#5400=CARTESIAN_POINT('',(0.798757019834911,-0.0686376754865971,0.08));
#5401=CARTESIAN_POINT('',(1.02749999999922,-0.114437743988872,0.08));
#5402=CARTESIAN_POINT('',(0.812499999999221,0.,0.));
#5403=CARTESIAN_POINT('',(0.798757019834681,0.0686376754865509,0.));
#5404=CARTESIAN_POINT('',(0.798757019834681,0.0686376754865509,0.08));
#5405=CARTESIAN_POINT('',(0.812499999999221,0.,0.08));
#5406=CARTESIAN_POINT('',(0.798757019834911,0.0686376754865971,0.));
#5407=CARTESIAN_POINT('',(1.02749999999922,0.114437743988872,0.));
#5408=CARTESIAN_POINT('',(1.02749999999922,0.114437743988872,0.08));
#5409=CARTESIAN_POINT('',(0.798757019834911,0.0686376754865971,0.08));
#5410=CARTESIAN_POINT('',(1.02749999999922,0.114437743988872,0.));
#5411=CARTESIAN_POINT('',(1.02749999999922,0.26,0.));
#5412=CARTESIAN_POINT('',(1.02749999999922,0.26,0.08));
#5413=CARTESIAN_POINT('',(1.02749999999922,0.114437743988872,0.08));
#5414=CARTESIAN_POINT('',(1.02749999999922,0.26,0.));
#5415=CARTESIAN_POINT('',(0.69249999999922,0.3325,0.));
#5416=CARTESIAN_POINT('',(0.69249999999922,0.3325,0.08));
#5417=CARTESIAN_POINT('',(1.02749999999922,0.26,0.08));
#5418=CARTESIAN_POINT('',(0.692499999999221,0.4,0.08));
#5419=CARTESIAN_POINT('',(0.692499999999221,0.4,0.68));
#5420=CARTESIAN_POINT('',(0.692499999999221,0.4,0.));
#5421=CARTESIAN_POINT('',(0.692499999999221,0.274999999999999,0.805000000000001));
#5422=CARTESIAN_POINT('',(0.692499999999221,0.275,0.805));
#5423=CARTESIAN_POINT('',(0.692499999999219,-0.4,0.805));
#5424=CARTESIAN_POINT('',(0.692499999999219,-0.275,0.805));
#5425=CARTESIAN_POINT('',(0.69249999999922,-0.275000000000001,0.804999999999999));
#5426=CARTESIAN_POINT('',(0.69249999999922,-0.4,0.));
#5427=CARTESIAN_POINT('',(0.692499999999221,0.3325,0.));
#5428=CARTESIAN_POINT('',(0.692499999999221,0.3325,0.08));
#5429=CARTESIAN_POINT('',(-0.692499999999221,0.4,0.08));
#5430=CARTESIAN_POINT('',(-0.692499999999221,0.4,0.68));
#5431=CARTESIAN_POINT('',(-0.692499999999221,0.4,0.));
#5432=CARTESIAN_POINT('',(0.692499999999221,0.4,0.68));
#5433=CARTESIAN_POINT('',(0.69249999999922,0.4,0.));
#5434=CARTESIAN_POINT('',(0.69249999999922,0.4,0.08));
#5435=CARTESIAN_POINT('',(-0.69249999999922,0.4,0.805));
#5436=CARTESIAN_POINT('',(-0.69249999999922,0.275,0.805));
#5437=CARTESIAN_POINT('',(-0.69249999999922,-0.275,0.805));
#5438=CARTESIAN_POINT('',(-0.692499999999221,0.274999999999999,0.805000000000001));
#5439=CARTESIAN_POINT('',(-0.692499999999221,0.4,0.));
#5440=CARTESIAN_POINT('',(-0.692499999999221,0.3325,0.));
#5441=CARTESIAN_POINT('',(-0.692499999999221,0.3325,0.08));
#5442=CARTESIAN_POINT('',(-0.69249999999922,-0.3325,0.));
#5443=CARTESIAN_POINT('',(-0.69249999999922,-0.275000000000001,0.804999999999999));
#5444=CARTESIAN_POINT('',(-0.692499999999221,0.4,0.08));
#5445=CARTESIAN_POINT('',(-0.69249999999922,0.3325,0.));
#5446=CARTESIAN_POINT('',(-1.02749999999922,0.26,0.));
#5447=CARTESIAN_POINT('',(-1.02749999999922,0.26,0.08));
#5448=CARTESIAN_POINT('',(-0.69249999999922,0.3325,0.08));
#5449=CARTESIAN_POINT('',(-1.02749999999922,0.26,0.));
#5450=CARTESIAN_POINT('',(-1.02749999999922,0.114437743988872,0.));
#5451=CARTESIAN_POINT('',(-1.02749999999922,0.114437743988872,0.08));
#5452=CARTESIAN_POINT('',(-1.02749999999922,0.26,0.08));
#5453=CARTESIAN_POINT('',(-1.02749999999922,0.114437743988872,0.));
#5454=CARTESIAN_POINT('',(-0.798757019834911,0.0686376754865971,0.));
#5455=CARTESIAN_POINT('',(-0.798757019834911,0.0686376754865971,0.08));
#5456=CARTESIAN_POINT('',(-1.02749999999922,0.114437743988872,0.08));
#5457=CARTESIAN_POINT('',(-0.812499999999221,0.,0.));
#5458=CARTESIAN_POINT('',(-0.798757019834681,-0.0686376754865509,0.));
#5459=CARTESIAN_POINT('',(-0.798757019834681,-0.0686376754865509,0.08));
#5460=CARTESIAN_POINT('',(-0.812499999999221,0.,0.08));
#5461=CARTESIAN_POINT('',(-0.798757019834911,-0.0686376754865971,0.));
#5462=CARTESIAN_POINT('',(-0.798757019834911,-0.0686376754865971,0.08));
#5463=CARTESIAN_POINT('',(0.812499999999221,0.,0.));
#5464=CARTESIAN_POINT('',(-0.69249999999922,0.275,0.805));
#5465=CARTESIAN_POINT('',(0.69249999999922,-0.275,0.805));
#5466=CARTESIAN_POINT('',(0.,0.,0.805));
#5467=CARTESIAN_POINT('',(0.,0.275,0.805));
#5468=CARTESIAN_POINT('',(0.,-0.275,0.805));
#5469=CARTESIAN_POINT('',(0.,0.,0.));
#5470=CARTESIAN_POINT('',(0.,0.,0.));
#5471=CARTESIAN_POINT('',(0.,0.,0.));
#5472=CARTESIAN_POINT('',(-0.759388220704083,-1.93618944318911,0.765));
#5473=CARTESIAN_POINT('',(0.,0.,0.));
#5474=CARTESIAN_POINT('',(0.692499999996626,-0.29,0.972499999999999));
#5475=CARTESIAN_POINT('',(2.255,0.194999999999995,1.945));
#5476=MECHANICAL_DESIGN_GEOMETRIC_PRESENTATION_REPRESENTATION('',(#644),
#5483);
#5477=MECHANICAL_DESIGN_GEOMETRIC_PRESENTATION_REPRESENTATION('',(#645),
#5484);
#5478=MECHANICAL_DESIGN_GEOMETRIC_PRESENTATION_REPRESENTATION('',(#646),
#5485);
#5479=MECHANICAL_DESIGN_GEOMETRIC_PRESENTATION_REPRESENTATION('',(#647),
#5486);
#5480=MECHANICAL_DESIGN_GEOMETRIC_PRESENTATION_REPRESENTATION('',(#648),
#5487);
#5481=MECHANICAL_DESIGN_GEOMETRIC_PRESENTATION_REPRESENTATION('',(#649),
#5488);
#5482=(
GEOMETRIC_REPRESENTATION_CONTEXT(3)
GLOBAL_UNCERTAINTY_ASSIGNED_CONTEXT((#5489))
GLOBAL_UNIT_ASSIGNED_CONTEXT((#5500,#5497,#5496))
REPRESENTATION_CONTEXT('SDOF-PWR-A01','TOP_LEVEL_ASSEMBLY_PART')
);
#5483=(
GEOMETRIC_REPRESENTATION_CONTEXT(3)
GLOBAL_UNCERTAINTY_ASSIGNED_CONTEXT((#5490))
GLOBAL_UNIT_ASSIGNED_CONTEXT((#5500,#5497,#5496))
REPRESENTATION_CONTEXT('AMAZON-B08LDC41B6','COMPONENT_PART')
);
#5484=(
GEOMETRIC_REPRESENTATION_CONTEXT(3)
GLOBAL_UNCERTAINTY_ASSIGNED_CONTEXT((#5491))
GLOBAL_UNIT_ASSIGNED_CONTEXT((#5500,#5497,#5496))
REPRESENTATION_CONTEXT('SDOF-PWR-C01','COMPONENT_PART')
);
#5485=(
GEOMETRIC_REPRESENTATION_CONTEXT(3)
GLOBAL_UNCERTAINTY_ASSIGNED_CONTEXT((#5492))
GLOBAL_UNIT_ASSIGNED_CONTEXT((#5500,#5497,#5496))
REPRESENTATION_CONTEXT('SDOF-PWR-C02','COMPONENT_PART')
);
#5486=(
GEOMETRIC_REPRESENTATION_CONTEXT(3)
GLOBAL_UNCERTAINTY_ASSIGNED_CONTEXT((#5493))
GLOBAL_UNIT_ASSIGNED_CONTEXT((#5500,#5497,#5496))
REPRESENTATION_CONTEXT('SDOF-PWR-C03','COMPONENT_PART')
);
#5487=(
GEOMETRIC_REPRESENTATION_CONTEXT(3)
GLOBAL_UNCERTAINTY_ASSIGNED_CONTEXT((#5494))
GLOBAL_UNIT_ASSIGNED_CONTEXT((#5500,#5497,#5496))
REPRESENTATION_CONTEXT('AMAZON-B078KBC5VH','COMPONENT_PART')
);
#5488=(
GEOMETRIC_REPRESENTATION_CONTEXT(3)
GLOBAL_UNCERTAINTY_ASSIGNED_CONTEXT((#5495))
GLOBAL_UNIT_ASSIGNED_CONTEXT((#5500,#5497,#5496))
REPRESENTATION_CONTEXT('AMAZON-B07Y2V1F8V','COMPONENT_PART')
);
#5489=UNCERTAINTY_MEASURE_WITH_UNIT(LENGTH_MEASURE(7.8740157480315E-7),
#5500,'DISTANCE_ACCURACY_VALUE','Maximum Tolerance applied to model');
#5490=UNCERTAINTY_MEASURE_WITH_UNIT(LENGTH_MEASURE(7.8740157480315E-7),
#5500,'DISTANCE_ACCURACY_VALUE','Maximum Tolerance applied to model');
#5491=UNCERTAINTY_MEASURE_WITH_UNIT(LENGTH_MEASURE(7.8740157480315E-7),
#5500,'DISTANCE_ACCURACY_VALUE','Maximum Tolerance applied to model');
#5492=UNCERTAINTY_MEASURE_WITH_UNIT(LENGTH_MEASURE(7.8740157480315E-7),
#5500,'DISTANCE_ACCURACY_VALUE','Maximum Tolerance applied to model');
#5493=UNCERTAINTY_MEASURE_WITH_UNIT(LENGTH_MEASURE(7.8740157480315E-7),
#5500,'DISTANCE_ACCURACY_VALUE','Maximum Tolerance applied to model');
#5494=UNCERTAINTY_MEASURE_WITH_UNIT(LENGTH_MEASURE(7.8740157480315E-7),
#5500,'DISTANCE_ACCURACY_VALUE','Maximum Tolerance applied to model');
#5495=UNCERTAINTY_MEASURE_WITH_UNIT(LENGTH_MEASURE(7.8740157480315E-7),
#5500,'DISTANCE_ACCURACY_VALUE','Maximum Tolerance applied to model');
#5496=(
NAMED_UNIT(*)
SI_UNIT($,.STERADIAN.)
SOLID_ANGLE_UNIT()
);
#5497=(
CONVERSION_BASED_UNIT('DEGREE',#5498)
NAMED_UNIT(#5502)
PLANE_ANGLE_UNIT()
);
#5498=PLANE_ANGLE_MEASURE_WITH_UNIT(PLANE_ANGLE_MEASURE(0.0174532925),#5499);
#5499=(
NAMED_UNIT(*)
PLANE_ANGLE_UNIT()
SI_UNIT($,.RADIAN.)
);
#5500=(
CONVERSION_BASED_UNIT('INCH',#5503)
LENGTH_UNIT()
NAMED_UNIT(#5501)
);
#5501=DIMENSIONAL_EXPONENTS(1.,0.,0.,0.,0.,0.,0.);
#5502=DIMENSIONAL_EXPONENTS(0.,0.,0.,0.,0.,0.,0.);
#5503=LENGTH_MEASURE_WITH_UNIT(LENGTH_MEASURE(25.4),#5504);
#5504=(
LENGTH_UNIT()
NAMED_UNIT(*)
SI_UNIT(.MILLI.,.METRE.)
);
ENDSEC;
END-ISO-10303-21;
